Rk,Year,Lg,Rd,Pk,Tm,Player,Age,Pos,Born,College,From,To,G,MPG,PPG,RPG,APG,SPG,BPG,FG%,2P%,3P%,FT%,WS,WS/48
1,2014,NBA,2,51,NYK,Thanasis Antetokounmpo\antetth01,21.348,F,gr,,2016,2020,3,4,2.7,1,0.3,0,0,0.667,0.8,0,,0.1,0.304
2,2009,NBA,1,3,OKC,James Harden\hardeja01,19.308,G,us,Arizona State,2010,2020,771,34.1,24.4,5.2,6.2,1.5,0.5,0.442,0.507,0.363,0.859,122.5,0.223
3,2011,NBA,1,15,IND,Kawhi Leonard\leonaka01,19.364,F,us,San Diego State,2012,2020,473,30.8,17.8,6.3,2.4,1.8,0.7,0.494,0.537,0.383,0.848,66.9,0.22
4,2013,NBA,1,27,DEN,Rudy Gobert\goberru01,21.006,C,fr,,2014,2020,413,28.8,11.1,10.6,1.3,0.7,2.2,0.628,0.629,0,0.631,53.6,0.216
5,2012,NBA,1,1,NOH,Anthony Davis\davisan02,19.114,F-C,us,Kentucky,2013,2020,472,34.6,23.8,10.5,2.1,1.4,2.4,0.516,0.533,0.311,0.797,73.2,0.215
6,2014,NBA,2,41,DEN,Nikola Jokić\jokicni01,19.132,C-F,rs,,2016,2020,314,28.4,16.2,9.6,5.2,1.1,0.7,0.523,0.571,0.344,0.828,39.6,0.213
7,2009,NBA,1,7,GSW,Stephen Curry\curryst01,21.108,G,us,Davidson,2010,2020,698,34.3,23.5,4.5,6.6,1.7,0.2,0.476,0.515,0.435,0.905,103.1,0.206
8,2014,NBA,1,25,HOU,Clint Capela\capelca01,20.044,C,ch,,2015,2020,301,25.1,12,9.1,0.9,0.7,1.4,0.635,0.635,0,0.524,31.7,0.202
9,2014,NBA,2,35,UTA,Jarnell Stokes\stokeja01,20.175,F-C,us,Tennessee,2015,2017,28,5.4,2.4,1.4,0.3,0.3,0.2,0.581,0.581,,0.531,0.6,0.202
10,2010,NBA,2,33,SAC,Hassan Whiteside\whiteha01,21.016,C,us,Marshall,2011,2020,348,26,13.4,11.4,0.6,0.6,2.3,0.575,0.577,0.222,0.596,37.3,0.198
11,2015,NBA,1,1,MIN,Karl-Anthony Towns\townska01,19.227,C-F,us,Kentucky,2016,2020,327,34.4,22.3,11.9,2.6,0.8,1.5,0.537,0.572,0.396,0.832,46.3,0.198
12,2015,NBA,2,32,HOU,Montrezl Harrell\harremo01,21.155,F-C,us,Louisville,2016,2020,262,19.4,11.4,4.5,1.3,0.5,0.8,0.633,0.641,0.156,0.63,20.3,0.191
13,2011,NBA,1,30,CHI,Jimmy Butler\butleji01,21.287,F-G,us,Marquette,2012,2020,526,32.9,16.7,4.9,3.5,1.6,0.5,0.453,0.486,0.34,0.834,66.6,0.184
14,2014,NBA,2,45,CHH,Dwight Powell\poweldw01,22.347,F-C,ca,Stanford,2015,2020,334,17.8,7.5,4.5,0.9,0.7,0.5,0.553,0.613,0.298,0.748,22.5,0.181
15,2015,NBA,2,48,OKC,Dakari Johnson\johnsda04,19.281,C,us,Kentucky,2018,2018,31,5.2,1.8,1.1,0.3,0.2,0.3,0.564,0.564,,0.55,0.6,0.178
16,2011,NBA,1,5,TOR,Jonas Valančiūnas\valanjo01,19.052,C,lt,,2013,2020,494,25.1,12.1,8.5,0.8,0.4,1,0.558,0.564,0.36,0.787,45.6,0.176
17,2016,NBA,1,9,TOR,Jakob Pöltl\poeltja01,20.257,C,at,Utah,2017,2020,219,16.1,5.4,4.6,0.8,0.4,0.9,0.64,0.64,0.5,0.563,12.7,0.173
18,2015,NBA,1,30,GSW,Kevon Looney\looneke01,19.144,F-C,us,UCLA,2016,2020,205,14,4.5,3.8,1,0.5,0.6,0.593,0.609,0.222,0.593,10.3,0.172
19,2009,NBA,1,1,LAC,Blake Griffin\griffbl01,20.106,F,us,Oklahoma,2011,2019,604,35,21.9,9,4.5,0.9,0.5,0.502,0.522,0.342,0.692,75.3,0.171
20,2012,NBA,1,6,POR,Damian Lillard\lillada01,21.354,G,us,Weber State,2013,2020,555,36.3,23.6,4.2,6.4,1,0.3,0.434,0.481,0.369,0.889,71.6,0.171
21,2013,NBA,1,15,MIL,Giannis Antetokounmpo\antetgi01,18.208,F-G,gr,,2014,2020,471,32.7,18.9,8.3,4.2,1.2,1.4,0.522,0.559,0.275,0.739,54.4,0.17
22,2014,NBA,1,3,PHI,Joel Embiid\embiijo01,20.107,C,cm,Kansas,2017,2020,161,30.6,24.2,11.4,3.2,0.7,2,0.481,0.526,0.316,0.789,17.3,0.169
23,2010,NBA,2,44,MIL,Jerome Jordan\jordaje01,23.274,C,jm,Tulsa,2012,2015,65,7.6,2.8,2,0.3,0.1,0.3,0.528,0.528,,0.852,1.7,0.168
24,2017,NBA,1,14,MIA,Bam Adebayo\adebaba01,19.344,C-F,us,Kentucky,2018,2020,157,22.1,8.2,6.6,2,0.7,0.7,0.551,0.563,0.154,0.722,12,0.166
25,2011,NBA,1,1,CLE,Kyrie Irving\irvinky01,19.096,G,au,Duke,2012,2020,514,33.8,22.3,3.7,5.7,1.3,0.4,0.465,0.498,0.39,0.875,59.6,0.165
26,2013,NBA,1,16,BOS,Lucas Nogueira\noguelu01,20.341,C,br,,2015,2018,141,12.4,3.2,2.8,0.5,0.6,1,0.632,0.681,0.265,0.64,6,0.165
27,2017,NBA,2,42,UTA,Thomas Bryant\bryanth01,19.331,C,us,Indiana,2018,2020,92,18.6,9.1,5.7,1.2,0.3,0.9,0.591,0.671,0.304,0.769,5.9,0.165
28,2012,NBA,1,9,DET,Andre Drummond\drumman01,18.327,C,us,UConn,2013,2020,549,30.9,14.2,13.8,1.2,1.3,1.6,0.544,0.549,0.137,0.451,57.4,0.162
29,2011,NBA,2,52,DET,Vernon Macklin\macklve01,24.282,F,us,Florida,2012,2012,23,5.9,2,1.5,0.2,0.2,0.2,0.543,0.543,,0.571,0.5,0.161
30,2011,NBA,1,22,DEN,Kenneth Faried\farieke01,21.221,F,us,Morehead State University,2012,2019,478,24.5,11.4,8.1,1,0.7,0.8,0.546,0.55,0.222,0.654,38.8,0.159
31,2017,NBA,1,22,BRK,Jarrett Allen\allenja01,19.067,C-F,us,Texas,2018,2020,158,23.4,9.5,7.1,1,0.5,1.4,0.589,0.615,0.183,0.722,12.2,0.159
32,2013,NBA,2,39,POR,Jeff Withey\witheje01,23.118,C,us,Kansas,2014,2018,206,10.1,3.2,2.5,0.3,0.3,0.8,0.525,0.537,0.143,0.716,6.8,0.157
33,2015,NBA,2,37,PHI,Richaun Holmes\holmeri01,21.258,F-C,us,Bowling Green,2016,2020,233,17.1,7.8,4.4,0.9,0.5,0.9,0.57,0.612,0.257,0.706,13,0.156
34,2017,NBA,1,19,ATL,John Collins\collijo01,19.277,F,us,Wake Forest,2018,2020,140,27,14.6,8.4,1.6,0.5,0.9,0.564,0.603,0.357,0.742,12.1,0.154
35,2010,NBA,1,10,IND,Paul George\georgpa01,20.058,F,us,Fresno State,2011,2019,604,33.8,19.8,6.4,3.3,1.8,0.4,0.433,0.47,0.378,0.844,65.2,0.153
36,2010,NBA,1,13,TOR,Ed Davis\davised01,21.024,F,us,UNC,2011,2020,646,20.2,6.5,6.8,0.8,0.5,0.8,0.569,0.57,0,0.583,41.4,0.153
37,2016,NBA,1,1,PHI,Ben Simmons\simmobe01,19.343,G-F,au,LSU,2018,2020,165,34,16.4,8.4,7.9,1.6,0.8,0.553,0.557,0,0.581,17.9,0.153
38,2011,NBA,2,60,SAC,Isaiah Thomas\thomais02,22.141,G,us,Washington,2012,2020,488,29.3,18.6,2.5,5.1,0.9,0.1,0.437,0.487,0.36,0.874,45.5,0.152
39,2013,NBA,2,37,DET,Tony Mitchell\mitchto02,21.086,F,us,University of North Texas,2014,2014,21,3.8,1,1.2,0.1,0.3,0.1,0.417,0.364,1,0.579,0.2,0.151
40,2010,NBA,2,55,UTA,Jeremy Evans\evansje01,22.249,F,us,Western Kentucky,2011,2018,250,10.5,3.5,2.6,0.4,0.4,0.5,0.569,0.583,0.231,0.687,8.2,0.15
41,2017,NBA,1,28,LAL,Tony Bradley\bradlto01,19.17,F-C,us,UNC,2018,2020,16,5.6,2.6,2.2,0.1,0.1,0.3,0.486,0.5,0,0.7,0.3,0.15
42,2016,NBA,1,27,TOR,Pascal Siakam\siakapa01,22.088,F,cm,New Mexico State,2017,2020,222,23.8,10.5,5.2,2,0.7,0.6,0.528,0.587,0.319,0.757,16.3,0.148
43,2011,NBA,1,3,UTA,Enes Kanter\kanteen01,19.038,C,ch,,2012,2020,584,22.2,11.9,7.6,0.8,0.4,0.4,0.541,0.548,0.292,0.778,39.7,0.147
44,2013,NBA,1,12,OKC,Steven Adams\adamsst01,19.347,C,nz,Pitt,2014,2020,471,26.8,9.6,7.4,1,0.9,1,0.585,0.587,0,0.551,38.8,0.147
45,2017,NBA,2,51,DEN,Monte Morris\morrimo01,22.001,G,us,Iowa State,2018,2020,91,23,9.9,2.2,3.5,0.9,0,0.485,0.516,0.416,0.811,6.4,0.147
46,2010,NBA,1,3,NJN,Derrick Favors\favorde01,18.349,F-C,us,Georgia Tech,2011,2020,635,25.7,11.6,7.2,1.1,0.8,1.3,0.525,0.535,0.208,0.664,49.5,0.146
47,2013,NBA,1,22,BRK,Mason Plumlee\plumlma01,23.12,C-F,us,Duke,2014,2020,477,22,8.4,6.3,2.2,0.8,1,0.57,0.576,0.071,0.566,31.4,0.144
48,2010,NBA,2,57,IND,Ryan Reid\reidry01,23.243,F,us,Florida State,2012,2012,5,3.4,1.6,0.4,0,0,0,0.8,0.8,,,0.1,0.142
49,2016,NBA,2,33,LAC,Cheick Diallo\diallch01,19.288,F,ml,Kansas,2017,2020,136,12.4,5.4,4.5,0.4,0.3,0.4,0.587,0.589,0.25,0.75,5,0.142
50,2015,NBA,2,35,PHI,Willy Hernangómez\hernawi01,21.034,C,es,,2017,2020,180,14.7,7,5.6,1.1,0.4,0.4,0.53,0.543,0.364,0.696,7.8,0.141
51,2013,NBA,1,4,CHA,Cody Zeller\zelleco01,20.27,C-F,us,Indiana,2014,2020,366,23,8.3,5.9,1.4,0.7,0.8,0.512,0.517,0.28,0.739,24.6,0.14
52,2012,NBA,2,35,GSW,Draymond Green\greendr01,22.122,F,us,Michigan State,2013,2020,538,28.1,9.1,6.9,4.9,1.4,1.1,0.439,0.509,0.323,0.706,43.5,0.138
53,2015,NBA,1,20,TOR,Delon Wright\wrighde01,23.065,G,us,Utah,2016,2020,204,19.4,7.5,2.8,2.8,1,0.4,0.451,0.499,0.34,0.798,11.3,0.137
54,2010,NBA,1,7,DET,Greg Monroe\monrogr01,20.025,C-F,us,Georgetown,2011,2019,632,27.7,13.2,8.3,2.1,1.1,0.6,0.514,0.515,0.059,0.704,49.7,0.136
55,2010,NBA,1,11,NOH,Cole Aldrich\aldrico01,21.241,C,us,Kansas,2011,2018,339,10,3.1,3.3,0.5,0.4,0.7,0.527,0.527,,0.738,9.6,0.135
56,2015,NBA,1,11,IND,Myles Turner\turnemy01,19.097,C-F,us,Texas,2016,2020,284,28.1,12.9,6.7,1.2,0.7,2,0.495,0.522,0.368,0.771,22.5,0.135
57,2016,NBA,1,30,GSW,Damian Jones\jonesda03,20.364,F-C,us,Vanderbilt,2017,2020,53,11.8,3.5,2.2,0.6,0.3,0.6,0.647,0.644,1,0.589,1.8,0.135
58,2009,NBA,1,13,IND,Tyler Hansbrough\hansbty01,23.24,F,us,UNC,2010,2016,428,16.9,6.7,4.2,0.4,0.5,0.2,0.439,0.442,0.136,0.738,20.2,0.134
59,2016,NBA,2,32,LAL,Ivica Zubac\zubaciv01,19.102,C,ba,,2017,2020,147,14.8,7,4.7,0.8,0.3,0.7,0.547,0.55,0,0.77,6,0.133
60,2017,NBA,2,38,CHI,Jordan Bell\belljo01,22.172,F,us,Oregon,2018,2020,128,12.7,3.9,3.2,1.4,0.4,0.8,0.573,0.582,0,0.651,4.5,0.133
61,2016,NBA,2,52,UTA,Joel Bolomboy\bolomjo01,22.152,F,ua,Weber State,2017,2018,18,5.1,1.7,1.5,0.1,0.2,0.1,0.545,0.647,0.2,0.5,0.3,0.132
62,2009,NBA,2,31,SAC,Jeff Ayres\pendeje02,22.063,F,us,Arizona State,2010,2016,237,9.8,2.9,2.7,0.4,0.2,0.3,0.553,0.554,0.4,0.776,6.3,0.131
63,2015,NBA,1,27,LAL,Larry Nance\nancela02,22.18,F-C,us,Wyoming,2016,2020,265,22.9,7.8,6.5,1.7,1.2,0.5,0.536,0.566,0.294,0.698,16.6,0.131
64,2016,NBA,2,31,BOS,Deyonta Davis\davisde01,19.208,C-F,us,Michigan State,2017,2019,107,12.1,4.2,3.2,0.4,0.2,0.6,0.599,0.601,0,0.635,3.6,0.131
65,2009,NBA,2,37,SAS,DeJuan Blair\blairde01,20.069,F-C,us,Pitt,2010,2016,424,16.6,6.8,5.1,0.8,0.7,0.3,0.524,0.526,0,0.608,19,0.129
66,2011,NBA,1,23,HOU,Nikola Mirotić\mirotni01,20.137,F,me,,2015,2019,319,24.2,12.3,5.9,1.3,0.8,0.7,0.423,0.502,0.359,0.808,20.8,0.129
67,2010,NBA,1,9,UTA,Gordon Hayward\haywago01,20.098,F-G,us,Butler,2011,2020,594,30.6,15.1,4.2,3.4,1,0.4,0.446,0.483,0.366,0.821,48.4,0.128
68,2013,NBA,1,3,WAS,Otto Porter\porteot01,20.029,F,us,Georgetown,2014,2020,406,26.9,11,5,1.5,1.2,0.4,0.481,0.527,0.403,0.791,29.2,0.128
69,2011,NBA,2,42,IND,Dāvis Bertāns\bertada01,18.227,F,lv,,2017,2020,225,16.3,6.4,2.4,1,0.4,0.4,0.446,0.548,0.408,0.849,9.7,0.127
70,2012,NBA,1,18,HOU,Terrence Jones\joneste01,20.176,F,us,Kentucky,2013,2019,234,23.8,10.4,5.7,1,0.6,1.2,0.501,0.539,0.297,0.621,14.7,0.127
71,2013,NBA,1,13,DAL,Kelly Olynyk\olynyke01,22.075,C-F,ca,Gonzaga,2014,2020,439,21.6,9.8,4.9,1.9,0.7,0.5,0.476,0.549,0.365,0.766,25.1,0.127
72,2016,NBA,2,36,MIL,Malcolm Brogdon\brogdma01,23.2,G,us,Virginia,2017,2020,193,28.2,13.1,3.6,3.8,0.9,0.2,0.483,0.519,0.405,0.902,14.5,0.127
73,2009,NBA,1,18,MIN,Ty Lawson\lawsoty01,21.24,G,us,UNC,2010,2017,551,29.2,12.7,2.7,6,1.2,0.1,0.46,0.493,0.359,0.77,42.1,0.126
74,2012,NBA,2,49,ORL,Kyle O'Quinn\oquinky01,22.1,F-C,us,Norfolk State,2013,2020,448,14.4,5.5,4.6,1.3,0.4,1,0.517,0.537,0.211,0.744,16.9,0.126
75,2009,NBA,1,26,CHI,Taj Gibson\gibsota01,24.007,F,us,USC,2010,2020,742,25.8,9.8,6.4,1,0.6,1.1,0.511,0.517,0.206,0.709,49.7,0.125
76,2014,NBA,1,30,SAS,Kyle Anderson\anderky01,20.284,F-G,us,UCLA,2015,2020,305,19.6,5.4,3.9,1.9,1,0.5,0.493,0.52,0.322,0.702,15.6,0.125
77,2017,NBA,2,35,ORL,Ivan Rabb\rabbiv01,20.143,F,us,Cal,2018,2019,85,14.6,5.7,4.3,1,0.3,0.3,0.555,0.57,0.2,0.743,3.2,0.125
78,2011,NBA,1,4,CLE,Tristan Thompson\thomptr01,20.107,F-C,ca,Texas,2012,2020,568,27.9,9.3,8.6,0.9,0.5,0.7,0.52,0.521,0.091,0.608,40.8,0.124
79,2011,NBA,1,16,PHI,Nikola Vučević\vucevni01,20.247,C,ch,USC,2012,2020,542,30.1,15.7,10.1,2.4,0.9,0.9,0.501,0.515,0.327,0.743,42.2,0.124
80,2012,NBA,2,53,LAC,Furkan Aldemir\aldemfu01,20.329,F-C,tr,,2015,2015,41,13.2,2.3,4.3,0.7,0.4,0.4,0.513,0.548,0,0.481,1.4,0.122
81,2016,NBA,1,11,ORL,Domantas Sabonis\sabondo01,20.056,F-C,us,Gonzaga,2017,2020,234,23.3,10.6,6.9,2,0.6,0.4,0.515,0.537,0.345,0.727,13.8,0.121
82,2009,NBA,2,46,CLE,Danny Green\greenda02,22.009,G-F,us,UNC,2010,2020,626,25.5,9,3.5,1.6,1,0.8,0.425,0.457,0.405,0.815,39.8,0.12
83,2012,NBA,1,30,GSW,Festus Ezeli\ezelife01,22.256,C,ng,Vanderbilt,2013,2016,170,14.1,4.2,4.3,0.4,0.3,1,0.513,0.513,,0.557,5.9,0.119
84,2013,NBA,1,6,NOH,Nerlens Noel\noelne01,19.083,C-F,us,Kentucky,2015,2020,306,22.7,8.1,6.4,1.2,1.4,1.4,0.525,0.526,0.25,0.634,17.2,0.119
85,2009,NBA,1,19,ATL,Jeff Teague\teaguje01,21.02,G,us,Wake Forest,2010,2020,717,27.7,12.7,2.5,5.8,1.2,0.3,0.446,0.475,0.355,0.842,48.9,0.118
86,2014,NBA,2,43,ATL,Edy Tavares\tavarwa01,22.101,C,cv,,2016,2017,13,7.8,2.5,2.5,0.3,0.1,0.9,0.625,0.625,,0.273,0.2,0.118
87,2015,NBA,1,6,SAC,Willie Cauley-Stein\caulewi01,21.316,F-C,us,Kentucky,2016,2020,298,24,10.1,6.4,1.6,0.9,0.8,0.535,0.537,0.222,0.612,17.6,0.118
88,2017,NBA,1,3,BOS,Jayson Tatum\tatumja01,19.116,F,us,Duke,2018,2020,164,30.9,15,5.6,1.9,1.1,0.7,0.458,0.481,0.405,0.837,12.5,0.118
89,2010,NBA,1,5,SAC,DeMarcus Cousins\couside01,19.32,C-F,us,Kentucky,2011,2019,565,32,21.2,10.9,3.2,1.4,1.2,0.461,0.477,0.332,0.737,44.1,0.117
90,2012,NBA,2,33,CLE,Bernard James\jamesbe01,27.148,C,us,Florida State,2013,2015,92,8.3,2.2,2.3,0.1,0.2,0.7,0.497,0.507,0,0.68,1.9,0.117
91,2010,NBA,1,23,MIN,Trevor Booker\booketr01,22.217,F,us,Clemson,2011,2018,532,20.4,6.9,5.5,1.1,0.7,0.5,0.515,0.534,0.305,0.636,26.2,0.116
92,2011,NBA,2,45,NOH,Josh Harrellson\harrejo01,22.136,C,us,Kentucky,2012,2014,75,11.8,3.5,3,0.3,0.4,0.5,0.438,0.497,0.347,0.629,2.1,0.116
93,2009,NBA,1,21,NOH,Darren Collison\collida01,21.312,G,us,UCLA,2010,2019,708,29.4,12.5,2.7,5,1.2,0.1,0.471,0.495,0.394,0.853,49.9,0.115
94,2009,NBA,2,55,POR,Patty Mills\millspa02,20.323,G,au,Saint Mary's,2010,2020,611,19,8.4,1.7,2.4,0.6,0.1,0.431,0.477,0.392,0.848,27.8,0.115
95,2011,NBA,1,19,CHA,Tobias Harris\harrito02,18.347,F,us,Tennessee,2012,2020,551,30.4,15.5,6,1.9,0.7,0.5,0.471,0.513,0.364,0.822,40.1,0.115
96,2013,NBA,1,21,UTA,Gorgui Dieng\dienggo01,23.166,C,sn,Louisville,2014,2020,454,22.6,8,6.2,1.4,0.8,1,0.506,0.519,0.335,0.789,24.6,0.115
97,2013,NBA,2,44,DAL,Mike Muscala\muscami01,22.002,F-C,us,Bucknell,2014,2020,312,15.9,5.7,3.3,0.9,0.4,0.5,0.462,0.545,0.356,0.843,11.8,0.115
98,2017,NBA,1,29,SAS,Derrick White\whitede01,22.361,G,us,Colorado,2018,2020,90,22.3,8.9,3.2,3.1,0.8,0.6,0.486,0.527,0.371,0.77,4.8,0.115
99,2011,NBA,1,9,CHA,Kemba Walker\walkeke02,21.051,G,us,UConn,2012,2020,610,34.1,19.9,3.8,5.5,1.3,0.4,0.418,0.452,0.358,0.837,49.4,0.114
100,2012,NBA,1,14,MIL,John Henson\hensojo01,21.188,C-F,us,UNC,2013,2020,406,20.1,7.8,5.4,1.1,0.5,1.5,0.539,0.544,0.267,0.569,19.3,0.114
101,2009,NBA,2,38,POR,Jon Brockman\brockjo01,22.103,F,us,Washington,2010,2012,150,10.5,2.1,3.1,0.3,0.2,0.1,0.488,0.49,0,0.618,3.7,0.113
102,2012,NBA,1,12,HOU,Jeremy Lamb\lambje01,20.034,G-F,us,UConn,2013,2020,439,20.6,10.3,3.7,1.6,0.7,0.4,0.444,0.5,0.338,0.853,21.2,0.113
103,2012,NBA,1,17,DAL,Tyler Zeller\zellety01,22.168,F-C,us,UNC,2013,2019,412,17.6,7,4.4,0.9,0.3,0.6,0.509,0.512,0.286,0.764,17.1,0.113
104,2012,NBA,1,21,BOS,Jared Sullinger\sullija01,20.121,F,us,Ohio State,2013,2017,269,24.3,10.8,7.5,1.8,0.7,0.6,0.436,0.476,0.272,0.723,15.3,0.113
105,2012,NBA,1,27,MIA,Arnett Moultrie\moultar01,21.228,F,us,Mississippi State,2013,2014,59,12.4,3.6,3.1,0.2,0.4,0.2,0.547,0.547,,0.667,1.7,0.113
106,2017,NBA,1,18,IND,T.J. Leaf\leaftj01,20.058,F,il,UCLA,2018,2020,116,9,3.5,2,0.3,0.1,0.2,0.499,0.541,0.354,0.633,2.5,0.113
107,2009,NBA,1,9,TOR,DeMar DeRozan\derozde01,19.327,G-F,us,USC,2010,2020,758,34.1,19.9,4.3,3.4,1,0.3,0.452,0.47,0.283,0.827,60.6,0.112
108,2010,NBA,1,18,OKC,Eric Bledsoe\bledser01,20.202,G,us,Kentucky,2011,2020,576,27.9,14.1,3.9,4.8,1.5,0.5,0.454,0.503,0.334,0.793,37.3,0.111
109,2014,NBA,1,16,CHI,Jusuf Nurkić\nurkiju01,19.312,C,ba,,2015,2019,310,22.9,11.6,8,1.9,0.8,1.3,0.491,0.498,0.071,0.666,16.4,0.111
110,2011,NBA,1,11,GSW,Klay Thompson\thompkl01,21.14,G-F,us,Washington State,2012,2019,615,33.1,19.5,3.5,2.3,0.9,0.5,0.459,0.491,0.419,0.848,46.8,0.11
111,2016,NBA,1,23,BOS,Ante Žižić\zizican01,19.175,F-C,hr,,2018,2019,91,14.2,6.4,4.2,0.6,0.2,0.4,0.583,0.583,,0.708,3,0.11
112,2009,NBA,2,39,DET,Jonas Jerebko\jerebjo01,22.121,F,se,,2010,2019,635,17.8,6.2,4,0.8,0.5,0.2,0.457,0.507,0.363,0.77,25.8,0.109
113,2009,NBA,2,42,LAL,Patrick Beverley\beverpa01,20.353,G,us,Arkansas,2013,2020,387,28.4,9,4.3,3.4,1.2,0.4,0.411,0.454,0.375,0.767,24.8,0.108
114,2012,NBA,1,11,POR,Meyers Leonard\leoname01,20.127,C-F,us,Illinois,2013,2020,399,15.6,5.6,3.8,0.9,0.2,0.3,0.482,0.544,0.39,0.824,14.1,0.108
115,2014,NBA,1,21,OKC,Mitch McGary\mcgarmi01,22.025,F-C,us,Michigan,2015,2016,52,10.7,4.4,3.5,0.3,0.3,0.3,0.527,0.544,0,0.58,1.3,0.108
116,2017,NBA,2,36,PHI,Jonah Bolden\boldejo01,21.177,F,au,,2019,2020,45,14.2,4.6,3.7,0.9,0.4,0.9,0.497,0.701,0.354,0.481,1.4,0.108
117,2010,NBA,1,15,MIL,Larry Sanders\sandela01,21.22,C-F,us,Virginia Commonwealth,2011,2017,238,19.5,6.4,5.7,0.7,0.6,1.8,0.48,0.481,0,0.553,10.3,0.107
118,2011,NBA,2,40,MIL,Jon Leuer\leuerjo01,22.045,F,us,Wisconsin,2012,2019,377,15.8,6.4,3.8,0.8,0.4,0.3,0.484,0.52,0.328,0.767,13.2,0.107
119,2012,NBA,2,32,WAS,Tomáš Satoranský\satorto01,20.247,G,cz,,2017,2020,217,21.7,6.6,2.8,3.8,0.8,0.2,0.485,0.519,0.399,0.799,10.5,0.107
120,2013,NBA,1,10,POR,CJ McCollum\mccolcj01,21.287,G,us,Lehigh,2014,2020,417,30.1,17.9,3.1,2.9,0.9,0.3,0.454,0.48,0.401,0.841,27.8,0.107
121,2011,NBA,2,38,HOU,Chandler Parsons\parsoch01,22.246,F,us,Florida,2012,2019,435,30.3,12.8,4.5,2.8,0.9,0.3,0.462,0.522,0.373,0.713,29,0.106
122,2009,NBA,1,27,MEM,DeMarre Carroll\carrode01,22.339,F,us,Missouri,2010,2020,556,24.1,9.1,4.3,1.3,0.9,0.3,0.43,0.485,0.36,0.743,29.3,0.105
123,2015,NBA,2,36,MIN,Rakeem Christmas\chrisra01,23.212,F,us,Syracuse,2016,2017,30,7.5,2.1,1.9,0.1,0.1,0.2,0.467,0.467,,0.724,0.5,0.105
124,2016,NBA,1,16,BOS,Guerschon Yabusele\yabusgu01,20.194,F,fr,,2018,2019,74,6.6,2.3,1.4,0.4,0.2,0.2,0.442,0.548,0.323,0.682,1.1,0.105
125,2010,NBA,1,1,WAS,John Wall\walljo01,19.296,G,us,Kentucky,2011,2019,573,35.9,19,4.3,9.2,1.7,0.7,0.433,0.457,0.324,0.781,44.3,0.104
126,2012,NBA,1,3,WAS,Bradley Beal\bealbr01,19.005,G,us,Florida,2013,2020,493,34.4,19.9,4,3.8,1.1,0.4,0.451,0.488,0.384,0.798,36.7,0.104
127,2014,NBA,2,38,DET,Spencer Dinwiddie\dinwisp01,21.086,G,us,Colorado,2015,2020,259,24.4,11.1,2.6,4.5,0.7,0.3,0.407,0.477,0.32,0.8,13.7,0.104
128,2012,NBA,2,34,CLE,Jae Crowder\crowdja01,21.363,F,us,Marquette,2013,2020,548,24.3,9.4,3.9,1.4,1,0.3,0.422,0.513,0.337,0.778,28.6,0.103
129,2012,NBA,2,39,DET,Khris Middleton\middlkh01,20.326,F-G,us,Texas A&M,2013,2020,461,31.7,15.7,4.5,3.2,1.3,0.2,0.452,0.485,0.388,0.869,31.5,0.103
130,2009,NBA,1,8,NYK,Jordan Hill\hilljo01,21.339,C-F,us,Arizona,2010,2017,409,18.8,7.9,5.8,0.8,0.4,0.7,0.497,0.499,0.136,0.699,16.4,0.102
131,2015,NBA,2,41,BRK,Pat Connaughton\connapa01,22.175,G,us,Notre Dame,2016,2020,221,14.9,4.7,2.3,1.2,0.3,0.2,0.438,0.543,0.349,0.798,7,0.102
132,2017,NBA,1,13,DEN,Donovan Mitchell\mitchdo01,20.293,G,us,Louisville,2018,2020,163,33.6,22.2,4,3.9,1.5,0.4,0.438,0.486,0.353,0.804,11.7,0.102
133,2009,NBA,1,5,MIN,Ricky Rubio\rubiori01,18.252,G,es,,2012,2020,503,30.9,11.1,4.2,7.7,1.9,0.1,0.387,0.413,0.322,0.838,32.7,0.101
134,2010,NBA,1,14,HOU,Patrick Patterson\pattepa01,21.107,F,us,Kentucky,2011,2020,629,21.8,6.9,4.1,1.1,0.6,0.5,0.449,0.499,0.367,0.748,28.9,0.101
135,2011,NBA,1,24,OKC,Reggie Jackson\jacksre01,21.073,G,it,Boston College,2012,2020,532,25.2,12.9,3,4.4,0.7,0.1,0.428,0.471,0.332,0.859,28.3,0.101
136,2011,NBA,2,36,NJN,Jordan Williams\willijo03,20.26,F,us,Maryland,2012,2012,43,14.8,4.6,3.6,0.3,0.5,0.3,0.507,0.507,,0.652,1.3,0.101
137,2017,NBA,2,43,HOU,Isaiah Hartenstein\harteis01,19.053,F,us,,2019,2019,28,7.9,1.9,1.7,0.5,0.3,0.4,0.488,0.514,0.333,0.786,0.5,0.101
138,2015,NBA,1,4,NYK,Kristaps Porziņģis\porzikr01,19.332,F-C,lv,,2016,2020,192,31,17.9,7.1,1.4,0.7,2.1,0.437,0.467,0.362,0.8,12.5,0.1
139,2009,NBA,1,2,MEM,Hasheem Thabeet\thabeha01,22.135,C,tz,UConn,2010,2014,224,10.5,2.2,2.7,0.1,0.3,0.8,0.567,0.567,,0.578,4.8,0.099
140,2013,NBA,2,50,ATL,James Ennis\ennisja01,23.002,F,us,Cal State Long Beach,2015,2020,283,20.5,6.5,3.2,0.9,0.6,0.3,0.457,0.536,0.356,0.794,12,0.099
141,2016,NBA,1,15,DEN,Juan Hernangómez\hernaju01,20.274,F,es,,2017,2020,159,15.7,5,3.2,0.6,0.4,0.3,0.436,0.526,0.366,0.764,5.1,0.099
142,2017,NBA,2,56,BOS,Jabari Bird\birdja01,22.36,G,us,Cal,2018,2018,13,8.8,3,1.5,0.6,0.2,0.1,0.577,0.632,0.429,0.462,0.2,0.098
143,2010,NBA,2,35,WAS,Nemanja Bjelica\bjeline01,22.051,F,rs,,2016,2020,276,20.3,7.1,4.4,1.5,0.6,0.4,0.463,0.534,0.386,0.757,11.3,0.097
144,2009,NBA,2,41,MIL,Jodie Meeks\meeksjo01,21.314,G,us,Kentucky,2010,2019,539,22.5,9.3,2.1,1.1,0.8,0.1,0.42,0.471,0.373,0.879,24.3,0.096
145,2011,NBA,2,50,PHI,Lavoy Allen\allenla01,22.144,F-C,us,Temple,2012,2017,388,17.8,4.8,4.8,1,0.3,0.6,0.471,0.474,0.133,0.682,13.8,0.096
146,2012,NBA,1,2,CHA,Michael Kidd-Gilchrist\kiddgmi01,18.28,F,us,Kentucky,2013,2020,422,25.4,8.8,5.6,1.2,0.7,0.7,0.477,0.482,0.286,0.714,21.1,0.095
147,2014,NBA,2,39,PHI,Jerami Grant\grantje01,20.111,F,us,Syracuse,2015,2020,389,24.1,8.8,3.9,1,0.6,1.2,0.461,0.522,0.331,0.654,18.3,0.094
148,2015,NBA,2,40,MIA,Josh Richardson\richajo01,21.288,G,us,Tennessee,2016,2020,264,30.7,12.1,3.2,2.9,1.2,0.7,0.425,0.468,0.365,0.823,15.9,0.094
149,2010,NBA,1,29,ORL,Daniel Orton\ortonda01,19.327,C-F,us,Kentucky,2012,2014,51,10.6,2.8,2.5,0.5,0.4,0.5,0.485,0.49,0,0.597,1,0.093
150,2011,NBA,1,7,SAC,Bismack Biyombo\biyombi01,18.303,C-F,cd,,2012,2020,587,20.2,4.9,6.2,0.5,0.3,1.4,0.519,0.519,0,0.57,23,0.093
151,2014,NBA,1,7,LAL,Julius Randle\randlju01,19.214,F-C,us,Kentucky,2015,2020,318,28.6,15.3,8.9,2.8,0.6,0.5,0.5,0.522,0.294,0.72,17.6,0.093
152,2013,NBA,1,26,MIN,Andre Roberson\roberan03,21.211,G-F,us,Colorado,2014,2018,295,22.5,4.6,4,0.9,0.9,0.7,0.482,0.609,0.257,0.467,12.7,0.092
153,2014,NBA,1,4,ORL,Aaron Gordon\gordoaa01,18.288,F,us,Arizona,2015,2020,347,27.9,12.4,6.2,2.2,0.8,0.6,0.45,0.511,0.321,0.705,18.5,0.092
154,2009,NBA,1,16,CHI,James Johnson\johnsja01,22.131,F,us,Wake Forest,2010,2020,603,20.7,8,3.6,2.1,0.8,0.9,0.477,0.532,0.305,0.695,23.6,0.091
155,2011,NBA,1,29,SAS,Cory Joseph\josepco01,19.312,G,ca,Texas,2012,2020,535,21.4,6.9,2.6,2.8,0.8,0.2,0.443,0.477,0.326,0.764,21.8,0.091
156,2012,NBA,2,43,ATL,Mike Scott\scottmi01,23.353,F,us,Virginia,2013,2020,441,16.3,7.2,3.1,0.9,0.3,0.1,0.464,0.526,0.364,0.757,13.6,0.091
157,2012,NBA,2,45,PHI,Justin Hamilton\hamilju01,22.094,C,us,LSU,2014,2017,113,17.4,6.1,3.6,0.8,0.5,0.6,0.464,0.56,0.309,0.798,3.7,0.091
158,2011,NBA,1,14,HOU,Marcus Morris\morrima03,21.299,F,us,Kansas,2012,2020,552,26.6,11.6,4.6,1.5,0.7,0.3,0.431,0.474,0.362,0.75,27.4,0.09
159,2012,NBA,1,26,IND,Miles Plumlee\plumlmi01,23.306,C-F,us,Duke,2013,2019,346,16.4,4.9,4.5,0.5,0.4,0.7,0.542,0.542,,0.543,10.6,0.09
160,2013,NBA,1,5,PHO,Alex Len\lenal01,20.016,C,ua,Maryland,2014,2020,417,19.9,7.9,6.3,0.8,0.4,1,0.485,0.501,0.339,0.695,15.5,0.09
161,2015,NBA,1,24,CLE,Tyus Jones\jonesty01,19.05,G,us,Duke,2016,2020,252,17.8,5.1,1.5,3.4,1,0.1,0.417,0.463,0.327,0.807,8.4,0.09
162,2017,NBA,1,17,MIL,D.J. Wilson\wilsodj01,21.129,F,us,Michigan,2018,2020,72,13.3,4.2,3.3,0.8,0.3,0.3,0.421,0.478,0.363,0.551,1.8,0.09
163,2017,NBA,1,23,TOR,OG Anunoby\anunoog01,19.345,F,gb,Indiana,2018,2020,147,20.7,6.7,2.9,0.7,0.7,0.3,0.468,0.59,0.356,0.598,5.7,0.09
164,2010,NBA,2,41,MIA,Jarvis Varnado\varnaja01,22.12,F,us,Mississippi State,2013,2014,37,10.7,2.9,1.9,0.4,0.3,0.8,0.582,0.582,,0.518,0.7,0.089
165,2013,NBA,1,25,LAC,Reggie Bullock\bullore01,22.109,G-F,us,UNC,2014,2019,272,19.3,6.8,2.1,1.1,0.5,0.1,0.434,0.495,0.392,0.828,9.7,0.089
166,2013,NBA,2,55,MEM,Joffrey Lauvergne\lauvejo01,21.276,C-F,fr,,2015,2018,208,13.6,5.6,3.8,0.9,0.3,0.2,0.479,0.52,0.285,0.719,5.2,0.089
167,2014,NBA,1,23,UTA,Rodney Hood\hoodro01,21.254,G-F,us,Duke,2015,2020,326,27.3,12.6,2.9,1.9,0.8,0.2,0.424,0.466,0.369,0.84,16.6,0.089
168,2017,NBA,1,12,DET,Luke Kennard\kennalu01,21.003,G,us,Duke,2018,2020,143,21.8,9,2.6,1.8,0.5,0.2,0.441,0.473,0.406,0.856,5.8,0.089
169,2010,NBA,1,6,GSW,Ekpe Udoh\udohek01,23.041,C-F,us,Baylor,2011,2019,384,14.8,3.5,2.9,0.7,0.5,1.1,0.453,0.455,0,0.718,10.4,0.088
170,2016,NBA,1,19,DEN,Malik Beasley\beaslma01,19.214,G,us,Florida State,2017,2020,171,16,7.3,1.7,0.8,0.5,0.1,0.456,0.527,0.39,0.795,5,0.088
171,2013,NBA,1,2,ORL,Victor Oladipo\oladivi01,21.059,G,us,Indiana,2014,2019,402,33.2,17.5,4.6,4,1.7,0.5,0.443,0.482,0.352,0.793,24.2,0.087
172,2015,NBA,1,16,BOS,Terry Rozier\roziete01,21.105,G,us,Louisville,2016,2020,278,20.2,7.9,3.6,2.4,0.7,0.2,0.382,0.407,0.354,0.774,10.2,0.087
173,2016,NBA,2,45,BOS,Demetrius Jackson\jacksde01,21.295,G,us,Notre Dame,2017,2019,26,5.2,1.8,0.7,0.7,0.3,0,0.486,0.609,0.286,0.667,0.2,0.087
174,2009,NBA,1,17,PHI,Jrue Holiday\holidjr01,19.018,G,us,UCLA,2010,2020,656,33.1,15.6,3.8,6.4,1.5,0.5,0.452,0.486,0.355,0.784,39.1,0.086
175,2012,NBA,1,7,GSW,Harrison Barnes\barneha02,20.034,F,us,UNC,2013,2020,547,30.8,13.6,4.9,1.5,0.7,0.2,0.447,0.476,0.373,0.795,30.2,0.086
176,2013,NBA,2,32,OKC,Álex Abrines\abrinal01,19.335,G-F,es,,2017,2019,174,16,5.3,1.4,0.5,0.5,0.1,0.387,0.443,0.368,0.88,5,0.086
177,2014,NBA,1,19,CHI,Gary Harris\harriga01,19.29,G,us,Michigan State,2015,2020,318,28.5,12.4,2.6,2.1,1.2,0.2,0.459,0.524,0.365,0.801,16.2,0.086
178,2014,NBA,2,33,CLE,Joe Harris\harrijo01,22.299,G,us,Virginia,2015,2020,268,22.8,9.5,2.9,1.5,0.4,0.2,0.478,0.538,0.432,0.796,10.9,0.086
179,2016,NBA,1,7,DEN,Jamal Murray\murraja01,19.125,G,ca,Kentucky,2017,2020,244,28.6,14.9,3.5,3.4,0.8,0.3,0.434,0.482,0.361,0.88,12.5,0.086
180,2009,NBA,1,10,MIL,Brandon Jennings\jennibr01,19.28,G,us,,2010,2018,555,30.3,14.1,3,5.7,1.2,0.2,0.387,0.412,0.345,0.796,29.9,0.085
181,2009,NBA,2,40,CHA,Derrick Brown\brownde04,21.296,F,us,Xavier,2010,2012,171,14.9,5.2,2.4,0.7,0.5,0.2,0.515,0.528,0.317,0.637,4.5,0.085
182,2009,NBA,2,43,MIA,Marcus Thornton\thornma01,22.026,G,us,LSU,2010,2017,483,23.4,11.9,2.8,1.4,0.8,0.1,0.425,0.471,0.358,0.83,20,0.085
183,2013,NBA,1,14,UTA,Shabazz Muhammad\muhamsh01,20.231,F-G,us,UCLA,2014,2018,278,17.2,9,2.8,0.5,0.3,0.1,0.473,0.51,0.319,0.751,8.5,0.085
184,2014,NBA,1,14,PHO,T.J. Warren\warretj01,20.299,F,us,NC State,2015,2020,267,27.9,14.4,4.1,1.1,1,0.5,0.496,0.524,0.333,0.765,13.1,0.085
185,2015,NBA,1,22,CHI,Bobby Portis\portibo01,20.14,F,us,Arkansas,2016,2020,256,20.4,10.2,6.2,1.1,0.5,0.3,0.457,0.49,0.36,0.751,9.2,0.085
186,2017,NBA,1,30,UTA,Josh Hart\hartjo01,22.114,G,us,Villanova,2018,2020,136,24.6,8.1,4.1,1.3,0.9,0.4,0.437,0.532,0.364,0.713,5.9,0.085
187,2010,NBA,1,26,OKC,Quincy Pondexter\pondequ01,22.111,G-F,us,Washington,2011,2019,355,15.6,4.5,1.8,0.7,0.3,0.1,0.423,0.475,0.356,0.746,9.7,0.084
188,2010,NBA,2,39,NYK,Landry Fields\fieldla01,22.002,F,us,Stanford,2011,2015,255,23.6,6.8,4.3,1.6,0.8,0.2,0.473,0.52,0.332,0.666,10.5,0.084
189,2012,NBA,1,15,PHI,Maurice Harkless\harklma01,19.053,F-G,us,St. John's,2013,2020,482,23,7.3,3.7,0.9,1,0.7,0.477,0.545,0.323,0.613,19.5,0.084
190,2014,NBA,1,12,ORL,Dario Šarić\saricda01,20.084,F,hr,,2017,2020,246,26.9,12.6,6.2,2.1,0.7,0.2,0.432,0.487,0.358,0.832,11.6,0.084
191,2015,NBA,1,9,CHO,Frank Kaminsky\kaminfr01,22.087,F-C,us,Wisconsin,2016,2020,288,22.2,9.8,4,1.6,0.5,0.4,0.418,0.469,0.345,0.763,11.2,0.084
192,2017,NBA,1,6,ORL,Jonathan Isaac\isaacjo01,19.267,F,us,Florida State,2018,2020,108,25.1,8.6,5.1,1,0.9,1.3,0.418,0.48,0.33,0.815,4.7,0.084
193,2017,NBA,1,24,UTA,Tyler Lydon\lydonty01,21.079,F,us,Syracuse,2018,2019,26,3.7,0.9,0.7,0.2,0.1,0,0.5,0.625,0.4,0.333,0.2,0.084
194,2009,NBA,2,44,DET,Chase Budinger\budinch01,21.039,F,us,Arizona,2010,2016,407,19.7,7.9,3,1.2,0.5,0.2,0.43,0.486,0.352,0.797,13.9,0.083
195,2015,NBA,1,18,HOU,Sam Dekker\dekkesa01,21.055,F,us,Wisconsin,2016,2019,200,15.5,5.5,3,0.8,0.5,0.2,0.478,0.57,0.288,0.606,5.4,0.083
196,2013,NBA,1,8,DET,Kentavious Caldwell-Pope\caldwke01,20.134,G,us,Georgia,2014,2020,476,29.7,11.8,3.3,1.6,1.2,0.2,0.412,0.471,0.345,0.799,24,0.082
197,2009,NBA,2,53,SAS,Nando De Colo\decolna01,22.008,G,fr,,2013,2014,119,11.9,3.8,1.8,1.7,0.5,0.1,0.429,0.463,0.363,0.835,2.4,0.081
198,2011,NBA,2,31,MIA,Bojan Bogdanović\bogdabo02,22.071,G-F,ba,,2015,2020,405,27.8,13.4,3.4,1.4,0.6,0.1,0.464,0.52,0.39,0.848,19.1,0.081
199,2014,NBA,1,6,BOS,Marcus Smart\smartma01,20.117,G,us,Oklahoma State,2015,2020,346,28.5,9.3,3.5,3.9,1.5,0.4,0.372,0.436,0.311,0.764,16.6,0.081
200,2015,NBA,1,19,WAS,Jerian Grant\grantje02,22.264,G,us,Notre Dame,2016,2019,273,18,6.1,1.9,2.9,0.7,0.1,0.412,0.465,0.324,0.771,8.3,0.081
201,2015,NBA,2,46,MIL,Norman Powell\powelno01,22.036,G,us,UCLA,2016,2020,261,17,7.1,2.2,1.2,0.6,0.2,0.441,0.51,0.343,0.806,7.4,0.081
202,2016,NBA,1,3,BOS,Jaylen Brown\brownja02,19.247,F-G,us,Cal,2017,2020,225,24.4,11.3,4,1.3,0.8,0.4,0.463,0.518,0.364,0.658,9.3,0.081
203,2016,NBA,1,29,SAS,Dejounte Murray\murrade01,19.282,G,us,Washington,2017,2020,124,17.6,6.9,4.4,2.4,0.9,0.3,0.448,0.46,0.313,0.711,3.7,0.081
204,2009,NBA,2,33,POR,Dante Cunningham\cunnida01,22.07,F,us,Villanova,2010,2019,715,20.8,5.8,3.7,0.7,0.6,0.5,0.469,0.494,0.345,0.649,24.9,0.08
205,2017,NBA,2,53,BOS,Kadeem Allen\allenka01,24.164,G,us,Arizona,2018,2019,37,14.1,5.6,1.7,2.4,0.5,0.2,0.436,0.466,0.362,0.778,0.9,0.08
206,2009,NBA,1,25,OKC,Rodrigue Beaubois\beaubro01,21.127,G,gp,,2010,2013,182,15.9,7.1,1.9,2.1,0.7,0.3,0.439,0.5,0.325,0.81,4.8,0.079
207,2013,NBA,2,47,ATL,Raul Neto\netora01,21.044,G,br,,2016,2020,203,14,4.7,1.3,1.9,0.5,0.1,0.444,0.483,0.377,0.776,4.6,0.079
208,2015,NBA,1,21,DAL,Justin Anderson\anderju01,21.223,G,us,Virginia,2016,2019,216,13.2,5.3,2.6,0.7,0.4,0.3,0.419,0.523,0.302,0.778,4.7,0.079
209,2015,NBA,1,23,POR,Rondae Hollis-Jefferson\holliro01,20.178,F,us,Arizona,2016,2020,235,23.5,9.9,5.9,2,1,0.6,0.444,0.468,0.223,0.738,9.1,0.079
210,2016,NBA,1,10,MIL,Thon Maker\makerth01,19.123,F-C,ss,,2017,2020,202,14.2,4.6,2.8,0.6,0.4,0.7,0.418,0.49,0.323,0.674,4.8,0.079
211,2016,NBA,2,50,IND,Georges Niang\niangge01,23.012,F,us,Iowa State,2017,2020,97,7.2,3,1.2,0.5,0.2,0.1,0.44,0.532,0.364,0.844,1.1,0.079
212,2017,NBA,1,7,MIN,Lauri Markkanen\markkla01,20.036,F-C,fi,Arizona,2018,2020,127,30.8,16.7,8.2,1.3,0.7,0.6,0.43,0.489,0.355,0.854,6.4,0.079
213,2009,NBA,1,23,SAC,Omri Casspi\casspom01,21.008,F,il,,2010,2019,588,20.3,7.9,4,1.1,0.6,0.2,0.454,0.502,0.368,0.678,19.6,0.078
214,2010,NBA,1,8,LAC,Al-Farouq Aminu\aminual01,19.281,F,us,Wake Forest,2011,2020,676,25.2,7.7,6.1,1.2,1,0.6,0.422,0.468,0.338,0.745,27.5,0.078
215,2011,NBA,1,6,WAS,Jan Veselý\veselja01,21.065,F,cz,,2012,2014,162,15.2,3.6,3.5,0.6,0.7,0.5,0.521,0.523,0,0.408,4,0.078
216,2012,NBA,2,37,TOR,Quincy Acy\acyqu01,21.271,F-C,us,Baylor,2013,2019,337,16,4.9,3.5,0.6,0.4,0.4,0.444,0.506,0.35,0.759,8.7,0.078
217,2012,NBA,2,40,POR,Will Barton\bartowi01,21.179,G,us,Memphis,2013,2020,442,23.3,10.6,4,2.4,0.7,0.4,0.43,0.476,0.342,0.789,16.8,0.078
218,2013,NBA,2,31,CLE,Allen Crabbe\crabbal01,21.084,G-F,us,Cal,2014,2019,344,24.6,9.5,2.9,1.2,0.6,0.3,0.429,0.472,0.393,0.835,13.8,0.078
219,2009,NBA,1,29,LAL,Toney Douglas\douglto01,23.107,G,us,Florida State,2010,2017,394,19.1,7.6,2.2,2.3,0.9,0.1,0.404,0.448,0.354,0.824,12.1,0.077
220,2014,NBA,1,2,MIL,Jabari Parker\parkeja01,19.108,F,us,Duke,2015,2020,252,29.6,15.1,5.7,2.1,0.9,0.4,0.492,0.523,0.338,0.738,11.9,0.077
221,2014,NBA,1,9,CHH,Noah Vonleh\vonleno01,18.311,F,us,Indiana,2015,2020,304,17.6,5.1,5.4,0.8,0.4,0.4,0.456,0.496,0.312,0.686,8.6,0.077
222,2015,NBA,1,12,UTA,Trey Lyles\lylestr01,19.237,F,ca,Kentucky,2016,2020,294,17.6,7.5,4,1.1,0.4,0.3,0.43,0.496,0.328,0.706,8.3,0.077
223,2017,NBA,2,46,PHI,Sterling Brown\brownst02,22.138,G,us,SMU,2018,2020,116,16,5.3,3,1,0.5,0.2,0.442,0.511,0.363,0.754,3,0.077
224,2011,NBA,1,2,MIN,Derrick Williams\willide02,20.034,F,us,Arizona,2012,2018,428,20.7,8.9,4,0.7,0.5,0.3,0.434,0.484,0.3,0.71,14.1,0.076
225,2009,NBA,1,4,SAC,Tyreke Evans\evansty01,19.284,G-F,us,Memphis,2010,2019,594,30.7,15.7,4.6,4.8,1.2,0.4,0.44,0.468,0.323,0.757,28.4,0.075
226,2011,NBA,1,20,MIN,Donatas Motiejūnas\motiedo01,20.281,F-C,lt,,2013,2019,251,18.2,7.3,3.8,1.1,0.5,0.3,0.469,0.529,0.3,0.597,7.1,0.075
227,2012,NBA,1,8,TOR,Terrence Ross\rosste01,21.149,F-G,us,Washington,2013,2020,498,24.2,10.5,2.8,1.1,0.8,0.3,0.421,0.476,0.371,0.821,18.9,0.075
228,2016,NBA,1,28,PHO,Skal Labissière\labissk01,20.102,F,ht,Kentucky,2017,2020,121,17.4,7.6,4.3,0.9,0.4,0.6,0.487,0.499,0.375,0.742,3.3,0.075
229,2011,NBA,1,13,PHO,Markieff Morris\morrima02,21.299,F,us,Kansas,2012,2020,586,26,11.6,5.5,1.7,0.9,0.6,0.449,0.481,0.338,0.777,23.6,0.074
230,2016,NBA,1,26,PHI,Furkan Korkmaz\korkmfu01,18.339,G,tr,,2018,2020,67,12.5,5,1.9,0.9,0.5,0.1,0.39,0.487,0.326,0.792,1.3,0.074
231,2012,NBA,1,20,DEN,Evan Fournier\fournev01,19.247,G-F,fr,,2013,2020,463,28,13.5,2.8,2.5,0.8,0.1,0.446,0.499,0.37,0.805,19.8,0.073
232,2014,NBA,1,11,DEN,Doug McDermott\mcderdo01,22.18,F,us,Creighton,2015,2020,347,19.9,7.7,2.1,0.8,0.2,0.1,0.457,0.498,0.403,0.824,10.5,0.073
233,2016,NBA,2,47,ORL,Jake Layman\laymaja01,22.114,F,us,Maryland,2017,2020,146,12.7,4.8,1.8,0.5,0.3,0.3,0.455,0.574,0.309,0.713,2.8,0.073
234,2014,NBA,2,40,MIN,Glenn Robinson\robingl02,20.174,G-F,us,Michigan,2015,2020,225,14.8,4.5,2.2,0.6,0.4,0.2,0.441,0.482,0.361,0.735,5,0.072
235,2017,NBA,1,21,OKC,Terrance Ferguson\fergute01,19.041,G-F,us,,2018,2020,141,20.1,5.1,1.4,0.7,0.5,0.2,0.424,0.571,0.355,0.762,4.2,0.072
236,2014,NBA,2,60,SAS,Cory Jefferson\jeffeco01,23.188,F,us,Baylor,2015,2016,58,10,3.5,2.8,0.3,0.2,0.4,0.444,0.474,0.125,0.583,0.9,0.071
237,2016,NBA,1,6,NOP,Buddy Hield\hieldbu01,23.194,G,bs,Oklahoma,2017,2020,251,26.9,15,4,2,0.7,0.3,0.445,0.47,0.417,0.872,9.9,0.071
238,2017,NBA,1,10,SAC,Zach Collins\colliza01,19.22,C-F,us,Gonzaga,2018,2020,146,17,5.7,3.8,0.9,0.3,0.7,0.442,0.503,0.324,0.73,3.7,0.071
239,2014,NBA,1,22,MEM,Jordan Adams\adamsjo01,19.358,G,us,UCLA,2015,2016,32,8.2,3.2,0.9,0.6,0.6,0.2,0.402,0.409,0.385,0.607,0.4,0.07
240,2017,NBA,1,27,BRK,Kyle Kuzma\kuzmaky01,21.339,F,us,Utah,2018,2020,149,31.9,17.2,5.8,2.1,0.6,0.4,0.453,0.533,0.333,0.732,7,0.07
241,2011,NBA,1,26,DAL,Jordan Hamilton\hamiljo02,20.265,G-F,us,Texas,2012,2016,151,13.9,5.9,2.8,0.8,0.5,0.2,0.408,0.451,0.357,0.67,3,0.069
242,2013,NBA,1,24,NYK,Tim Hardaway\hardati02,21.108,G,us,Michigan,2014,2020,409,26,13,2.6,1.8,0.6,0.1,0.417,0.489,0.342,0.816,15.2,0.069
243,2015,NBA,2,56,NOP,Branden Dawson\dawsobr01,22.149,F,us,Michigan State,2016,2016,6,4.8,0.8,0.7,0,0,0.2,0.4,0.4,,1,0,0.069
244,2010,NBA,2,32,MIA,Dexter Pittman\pittmde01,22.119,C,us,Texas,2011,2014,50,6.9,2.3,1.8,0.2,0.2,0.2,0.45,0.45,,0.545,0.5,0.068
245,2010,NBA,2,40,IND,Lance Stephenson\stephla01,19.297,G-F,us,Cincinnati,2011,2019,508,23.4,8.6,4.2,2.9,0.7,0.1,0.444,0.494,0.315,0.685,16.7,0.068
246,2011,NBA,1,12,UTA,Alec Burks\burksal01,19.343,G,us,Colorado,2012,2020,432,21.1,9.5,3,1.7,0.6,0.2,0.423,0.444,0.357,0.771,13,0.068
247,2013,NBA,1,20,CHI,Tony Snell\snellto01,21.235,G-F,us,New Mexico,2014,2020,449,21.9,6.3,2.4,1,0.5,0.2,0.425,0.481,0.383,0.821,13.8,0.067
248,2014,NBA,1,24,CHH,Shabazz Napier\napiesh01,22.353,G,us,UConn,2015,2020,294,16.2,6.4,1.7,2.1,0.8,0.1,0.391,0.43,0.35,0.814,6.6,0.067
249,2012,NBA,2,58,MIN,Robbie Hummel\hummero01,23.118,F,us,Purdue,2014,2015,98,14.3,3.9,2.7,0.5,0.3,0.1,0.418,0.469,0.343,0.867,1.9,0.066
250,2015,NBA,1,15,ATL,Kelly Oubre\oubreke01,19.203,F,us,Kansas,2016,2020,298,22.2,9.5,3.8,0.8,0.8,0.4,0.426,0.502,0.322,0.782,9.1,0.066
251,2010,NBA,1,16,MIN,Luke Babbitt\babbilu01,21.009,F,us,Nevada,2011,2018,381,14,4.8,2.2,0.6,0.2,0.2,0.408,0.417,0.402,0.747,7.2,0.065
252,2010,NBA,2,54,LAC,Willie Warren\warrewi01,20.25,G,us,Oklahoma,2011,2011,19,7.1,1.9,0.6,1.4,0.3,0,0.371,0.4,0.333,0.75,0.2,0.065
253,2012,NBA,1,23,ATL,John Jenkins\jenkijo01,21.12,G,us,Vanderbilt,2013,2019,171,12.8,5,1.5,0.8,0.2,0.1,0.441,0.503,0.367,0.847,3,0.065
254,2015,NBA,1,3,PHI,Jahlil Okafor\okafoja01,19.197,C-F,us,Duke,2016,2020,196,21,11.4,5.1,0.9,0.3,0.9,0.532,0.535,0.2,0.679,5.5,0.065
255,2010,NBA,1,28,MEM,Greivis Vásquez\vasqugr01,23.165,G,ve,Maryland,2011,2017,401,23.7,9,2.5,4.8,0.6,0.1,0.418,0.456,0.349,0.817,12.6,0.064
256,2013,NBA,1,23,IND,Solomon Hill\hillso01,22.107,F,us,Arizona,2014,2020,308,22.6,5.9,3.3,1.5,0.7,0.2,0.396,0.448,0.33,0.805,9.3,0.064
257,2016,NBA,1,20,IND,Caris LeVert\leverca01,21.308,G-F,us,Michigan,2017,2020,174,25,11.4,3.6,3.4,1,0.3,0.438,0.498,0.329,0.706,5.8,0.064
258,2009,NBA,1,12,CHA,Gerald Henderson\hendege02,21.204,G,us,Duke,2010,2017,535,25.9,11.2,3.2,1.9,0.7,0.3,0.44,0.46,0.327,0.793,18.3,0.063
259,2009,NBA,2,36,MEM,Sam Young\youngsa01,24.03,F,us,Pitt,2010,2013,249,15.9,5.8,2.3,0.7,0.5,0.2,0.442,0.468,0.28,0.742,5.2,0.063
260,2009,NBA,2,45,MIN,Nick Calathes\calatni01,20.143,G,us,Florida,2014,2015,129,15.6,4.6,1.9,2.7,1,0.1,0.441,0.476,0.288,0.581,2.6,0.063
261,2014,NBA,1,10,PHI,Elfrid Payton\paytoel01,20.129,G,us,Louisiana,2015,2020,346,29.5,11.1,4.3,6.5,1.3,0.3,0.453,0.477,0.307,0.632,13.4,0.063
262,2011,NBA,2,33,DET,Kyle Singler\singlky01,23.055,F,us,Duke,2013,2018,356,21.9,6.5,2.9,0.8,0.6,0.3,0.418,0.458,0.362,0.786,10,0.062
263,2014,NBA,1,27,PHO,Bogdan Bogdanović\bogdabo01,21.317,G,rs,,2018,2020,155,27.7,12.7,3.1,3.5,1,0.2,0.426,0.469,0.371,0.821,5.6,0.062
264,2016,NBA,1,25,LAC,Brice Johnson\johnsbr02,22.002,F,us,UNC,2017,2018,21,5.1,2.2,1.6,0.1,0.5,0.3,0.449,0.458,0,0.6,0.1,0.062
265,2009,NBA,1,28,MIN,Wayne Ellington\ellinwa01,21.214,G,us,UNC,2010,2020,651,21.3,8.2,2.2,1.1,0.6,0.1,0.41,0.447,0.378,0.845,17.7,0.061
266,2012,NBA,2,52,GSW,Ognjen Kuzmić\kuzmiog01,22.049,C,ba,,2014,2015,37,4.4,0.9,1,0.2,0.1,0.1,0.52,0.52,,0.6,0.2,0.061
267,2017,NBA,1,15,POR,Justin Jackson\jacksju01,22.092,G-F,us,UNC,2018,2020,155,20.6,6.9,2.6,1.1,0.4,0.2,0.447,0.546,0.336,0.769,4.1,0.061
268,2011,NBA,2,47,LAC,Travis Leslie\leslitr01,21.091,G,us,Georgia,2012,2012,10,4.5,1.4,0.9,0.5,0.2,0.2,0.357,0.357,,0.444,0.1,0.06
269,2013,NBA,1,17,ATL,Dennis Schröder\schrode01,19.29,G,de,,2014,2020,437,24.8,13.4,2.8,4.6,0.8,0.1,0.43,0.468,0.324,0.824,13.5,0.06
270,2011,NBA,2,34,WAS,Shelvin Mack\macksh01,21.067,G,us,Butler,2012,2019,456,18.4,6.6,2,3.1,0.7,0.1,0.423,0.47,0.33,0.731,10.3,0.059
271,2012,NBA,2,36,SAC,Orlando Johnson\johnsor01,23.115,G,us,University of California Santa Barbara,2013,2016,103,10.8,3.2,1.7,0.7,0.2,0.1,0.358,0.398,0.311,0.727,1.4,0.059
272,2009,NBA,2,52,IND,A.J. Price\priceaj01,22.267,G,us,UConn,2010,2015,261,15.1,5.8,1.4,2.2,0.5,0,0.38,0.439,0.316,0.742,4.7,0.058
273,2011,NBA,2,55,BOS,E'Twaun Moore\mooreet01,22.123,G-F,us,Purdue,2012,2020,516,21.6,8,2,1.8,0.7,0.2,0.458,0.491,0.392,0.744,13.5,0.058
274,2013,NBA,1,9,MIN,Trey Burke\burketr01,20.232,G,us,Michigan,2014,2019,361,23.6,10.9,2.1,3.6,0.6,0.1,0.408,0.445,0.34,0.8,10.2,0.058
275,2010,NBA,2,58,LAL,Derrick Caracter\caracde01,22.056,F,us,Texas-El Paso,2011,2011,41,5.2,2,1,0.2,0.1,0.2,0.485,0.485,,0.739,0.3,0.057
276,2013,NBA,2,33,CLE,Carrick Felix\felixca01,22.32,G,us,Arizona State,2014,2014,7,5.4,2.7,0.9,0.6,0,0,0.5,0.556,0.4,0.75,0,0.057
277,2015,NBA,1,10,MIA,Justise Winslow\winslju01,19.095,F,us,Duke,2016,2020,234,28.4,9,5.4,2.7,1,0.4,0.418,0.446,0.342,0.642,7.9,0.057
278,2016,NBA,2,38,MIL,Patrick McCaw\mccawpa01,20.247,G,us,UNLV,2017,2020,159,15.5,3.7,1.5,1.2,0.6,0.2,0.422,0.516,0.299,0.784,2.9,0.057
279,2017,NBA,2,47,IND,Ike Anigbogu\anigbik01,18.253,F-C,us,UCLA,2018,2019,14,2.6,0.9,0.9,0.1,0.1,0.3,0.333,0.333,,0.833,0,0.057
280,2017,NBA,1,20,POR,Harry Giles\gilesha01,19.066,F-C,us,Duke,2019,2019,58,14.1,7,3.8,1.5,0.5,0.4,0.503,0.512,0,0.637,1,0.056
281,2011,NBA,1,17,NYK,Iman Shumpert\shumpim01,21.002,G,us,Georgia Tech,2012,2019,446,25.2,7.3,3.4,1.9,1.1,0.3,0.393,0.438,0.34,0.766,12.9,0.055
282,2012,NBA,2,46,NOH,Darius Miller\milleda01,22.105,F,us,Kentucky,2013,2019,253,20.4,6,1.7,1.4,0.4,0.2,0.418,0.495,0.382,0.83,5.9,0.055
283,2015,NBA,1,13,PHO,Devin Booker\bookede01,18.242,G,us,Kentucky,2016,2020,278,32.9,21.4,3.5,4.3,0.8,0.3,0.438,0.478,0.356,0.854,10.5,0.055
284,2017,NBA,1,2,LAL,Lonzo Ball\balllo01,19.243,G,us,UCLA,2018,2020,105,32.3,10.1,6.1,6.4,1.6,0.6,0.382,0.448,0.32,0.45,3.9,0.055
285,2017,NBA,2,54,PHO,Alec Peters\peteral01,22.076,F,us,Valparaiso,2018,2018,20,11.3,4.1,1.9,0.6,0.1,0.1,0.378,0.625,0.31,0.8,0.3,0.055
286,2015,NBA,1,29,BRK,Chris McCullough\mcculch01,20.145,F,us,Syracuse,2016,2018,59,9,3.3,1.9,0.3,0.5,0.3,0.426,0.47,0.306,0.548,0.6,0.054
287,2009,NBA,1,15,DET,Austin Daye\dayeau01,21.025,F,us,Gonzaga,2010,2015,293,14.1,5.2,2.6,0.7,0.4,0.4,0.402,0.433,0.351,0.778,4.5,0.053
288,2010,NBA,1,2,PHI,Evan Turner\turneev01,21.245,G,us,Ohio State,2011,2020,689,27.2,9.8,4.7,3.5,0.8,0.3,0.435,0.459,0.296,0.781,20.7,0.053
289,2012,NBA,1,5,SAC,Thomas Robinson\robinth01,21.109,F,us,Kansas,2013,2017,313,13.4,4.9,4.8,0.6,0.5,0.4,0.47,0.472,0,0.505,4.6,0.053
290,2015,NBA,1,25,MEM,Jarell Martin\martija01,21.037,F,us,LSU,2016,2019,184,15.9,5.4,3.5,0.6,0.4,0.4,0.434,0.457,0.346,0.766,3.2,0.053
291,2017,NBA,1,5,SAC,De'Aaron Fox\foxde01,19.189,G,us,Kentucky,2018,2020,161,29.8,14.7,3.3,5.9,1.3,0.4,0.437,0.461,0.345,0.725,5.3,0.053
292,2014,NBA,2,58,SAS,Jordan McRae\mcraejo01,23.096,G,us,Tennessee,2016,2020,87,10.7,5,1.2,0.9,0.3,0.2,0.428,0.461,0.351,0.788,1,0.052
293,2017,NBA,2,33,ORL,Wesley Iwundu\iwundwe01,22.19,F,us,Kansas State,2018,2020,131,17.3,4.4,2.5,1,0.5,0.3,0.417,0.457,0.302,0.787,2.4,0.052
294,2015,NBA,1,28,BOS,R.J. Hunter\hunterj01,21.249,G,us,Georgia State University,2016,2019,45,8.8,3,1,0.4,0.4,0.1,0.371,0.523,0.295,0.818,0.4,0.051
295,2015,NBA,2,44,PHO,Andrew Harrison\harrian01,20.245,G,us,Kentucky,2017,2019,145,20.6,7,2,2.8,0.7,0.3,0.373,0.422,0.294,0.779,3.2,0.051
296,2017,NBA,2,37,BOS,Semi Ojeleye\ojelese01,22.205,F,us,SMU,2018,2020,134,13.5,2.9,1.9,0.3,0.2,0.1,0.38,0.489,0.312,0.612,1.9,0.051
297,2014,NBA,2,46,WAS,Jordan Clarkson\clarkjo01,22.024,G,us,Missouri,2015,2020,388,27.5,14.7,3.2,2.7,0.9,0.1,0.445,0.497,0.335,0.818,11.1,0.05
298,2015,NBA,2,33,BOS,Jordan Mickey\mickejo01,20.356,F,us,LSU,2016,2018,64,7.5,2.4,2,0.3,0.1,0.4,0.449,0.496,0.118,0.605,0.5,0.05
299,2017,NBA,2,52,NOP,Edmond Sumner\sumneed01,21.179,G,us,Xavier,2018,2020,27,10.3,3.3,1,0.6,0.6,0.2,0.386,0.472,0.233,0.621,0.3,0.049
300,2010,NBA,1,19,BOS,Avery Bradley\bradlav01,19.215,G,us,Texas,2011,2020,528,28.6,12,3,1.8,1,0.2,0.436,0.471,0.364,0.777,15,0.048
301,2010,NBA,2,52,BOS,Luke Harangody\haranlu01,22.179,F,us,Notre Dame,2011,2012,70,12.4,3.6,2.8,0.5,0.3,0.3,0.376,0.44,0.241,0.737,0.9,0.048
302,2012,NBA,1,28,OKC,Perry Jones\jonespe01,20.283,F,us,Baylor,2013,2015,143,11.7,3.4,1.8,0.4,0.3,0.2,0.42,0.466,0.293,0.66,1.7,0.048
303,2014,NBA,1,20,TOR,Bruno Caboclo\cabocbr01,18.283,F,br,,2015,2020,72,14.3,4.7,2.8,0.8,0.3,0.6,0.384,0.439,0.337,0.839,1,0.048
304,2016,NBA,1,14,CHI,Denzel Valentine\valende01,22.225,G,us,Michigan State,2017,2020,135,22.8,8,4,2.3,0.7,0.1,0.399,0.432,0.374,0.754,3.1,0.048
305,2011,NBA,1,25,BOS,MarShon Brooks\brookma01,22.153,G-F,us,Providence,2012,2019,200,17.3,8,2.1,1.4,0.6,0.2,0.447,0.478,0.345,0.751,3.3,0.046
306,2013,NBA,2,48,LAL,Ryan Kelly\kellyry01,22.085,F,us,Duke,2014,2017,163,19.2,6,3.1,1.3,0.5,0.5,0.378,0.416,0.316,0.797,3,0.046
307,2014,NBA,1,17,BOS,James Young\youngja01,18.319,G-F,us,Kentucky,2015,2018,95,8.5,2.3,1,0.3,0.3,0.1,0.367,0.534,0.277,0.563,0.8,0.046
308,2016,NBA,1,12,UTA,Taurean Waller-Prince\princta02,22.099,F,us,Baylor,2017,2020,202,25.7,11.5,3.9,2,0.9,0.5,0.427,0.468,0.383,0.817,5,0.046
309,2012,NBA,1,19,ORL,Andrew Nicholson\nichoan01,22.208,F,ca,St. Bonaventure,2013,2017,285,14.3,6,3,0.4,0.3,0.3,0.467,0.498,0.321,0.773,3.8,0.045
310,2010,NBA,1,17,CHI,Kevin Séraphin\serapke01,20.204,F,gf,,2011,2017,423,15.2,5.9,3.5,0.6,0.2,0.7,0.489,0.491,0,0.715,5.9,0.044
311,2010,NBA,1,27,NJN,Jordan Crawford\crawfjo02,21.249,G,us,Xavier,2011,2018,281,24.4,12.2,2.5,3.1,0.7,0.1,0.411,0.458,0.317,0.826,6.3,0.044
312,2011,NBA,1,8,DET,Brandon Knight\knighbr03,19.208,G,us,Kentucky,2012,2020,423,30,14.4,3.2,4,0.9,0.2,0.413,0.445,0.354,0.811,11.6,0.044
313,2013,NBA,1,18,ATL,Shane Larkin\larkish01,20.273,G,us,Miami (FL),2014,2018,256,19.1,5.5,1.9,2.9,0.9,0.1,0.422,0.454,0.336,0.777,4.4,0.044
314,2014,NBA,1,1,CLE,Andrew Wiggins\wiggian01,19.128,F-G,ca,Kansas,2015,2020,405,35.9,19.4,4.3,2.2,1,0.6,0.44,0.468,0.331,0.736,13.4,0.044
315,2014,NBA,1,13,MIN,Zach LaVine\lavinza01,19.113,G,us,UCLA,2015,2020,300,30,16.2,3.4,3.5,0.9,0.2,0.446,0.48,0.374,0.822,8.2,0.044
316,2015,NBA,1,14,OKC,Cameron Payne\payneca01,20.326,G,us,Murray State,2016,2019,153,16,6,1.8,2.5,0.7,0.2,0.397,0.443,0.331,0.775,2.2,0.044
317,2016,NBA,1,13,PHO,Georgios Papagiannis\papagge01,18.36,C,gr,,2017,2018,39,12.2,4.1,3.2,0.7,0.2,0.6,0.514,0.521,0,0.857,0.4,0.044
318,2017,NBA,1,1,PHI,Markelle Fultz\fultzma01,19.029,G,us,Washington,2018,2020,39,21,8,3.2,3.4,0.9,0.2,0.423,0.444,0.226,0.554,0.7,0.044
319,2013,NBA,2,34,HOU,Isaiah Canaan\canaais01,22.043,G,us,Murray State,2014,2019,235,20.4,8.1,1.9,1.9,0.6,0.1,0.371,0.404,0.351,0.836,4.3,0.043
320,2016,NBA,2,37,HOU,Chinanu Onuaku\onuakch01,19.239,F-C,us,Louisville,2017,2018,6,12.3,3,2.3,0.7,0.5,0.2,0.583,0.583,,1,0.1,0.043
321,2011,NBA,1,18,WAS,Chris Singleton\singlch01,21.219,F,us,Florida State,2012,2014,148,17.6,4.1,3.2,0.6,0.8,0.4,0.376,0.4,0.319,0.633,2.3,0.042
322,2012,NBA,2,60,LAL,Robert Sacre\sacrero01,23.028,C,us,Gonzaga,2013,2016,189,14.5,4.2,3.1,0.7,0.3,0.6,0.436,0.437,0,0.671,2.4,0.042
323,2009,NBA,1,20,UTA,Eric Maynor\maynoer01,22.02,G,us,Virginia Commonwealth,2010,2014,267,14.6,4.3,1.3,2.8,0.4,0.1,0.392,0.409,0.35,0.721,3.3,0.041
324,2015,NBA,1,2,LAL,D'Angelo Russell\russeda01,19.127,G,us,Ohio State,2016,2020,277,28.5,16.6,3.7,5.1,1.1,0.2,0.418,0.465,0.353,0.76,6.7,0.041
325,2017,NBA,2,44,NYK,Damyean Dotson\dotsoda01,23.053,G,us,Oregon,2018,2020,120,20.8,8.1,2.9,1.4,0.6,0.1,0.422,0.477,0.362,0.734,2.1,0.041
326,2011,NBA,2,43,CHI,Malcolm Lee\leema01,21.037,G,us,UCLA,2012,2015,36,14.8,3.9,1.8,1.4,0.6,0.3,0.382,0.412,0.294,0.703,0.4,0.04
327,2011,NBA,2,53,ORL,DeAndre Liggins\liggide01,23.089,G,us,Kentucky,2012,2018,177,10.8,2,1.4,0.7,0.6,0.2,0.402,0.432,0.352,0.549,1.6,0.04
328,2016,NBA,1,2,LAL,Brandon Ingram\ingrabr01,18.299,F,us,Duke,2017,2020,196,31.6,14.2,4.8,2.9,0.6,0.6,0.46,0.487,0.342,0.664,5.1,0.04
329,2009,NBA,1,14,PHO,Earl Clark\clarkea01,21.165,F,us,Louisville,2010,2015,261,13.9,4.4,3,0.5,0.3,0.5,0.403,0.424,0.328,0.664,2.9,0.038
330,2010,NBA,1,4,MIN,Wesley Johnson\johnswe01,22.354,F-G,us,Syracuse,2011,2019,609,22.1,7,3.2,1.1,0.8,0.7,0.404,0.46,0.337,0.741,10.7,0.038
331,2015,NBA,2,31,MIN,Cedi Osman\osmande01,20.083,F,mk,,2018,2020,143,23,9,3.5,1.7,0.6,0.1,0.437,0.503,0.359,0.736,2.6,0.038
332,2010,NBA,1,20,SAS,James Anderson\anderja01,21.096,G-F,us,Oklahoma State,2011,2016,247,17.5,5.8,2.3,1.2,0.5,0.2,0.411,0.495,0.321,0.755,3.3,0.037
333,2012,NBA,1,4,CLE,Dion Waiters\waitedi01,20.206,G,us,Syracuse,2013,2019,409,28.4,13.2,2.7,2.8,0.9,0.3,0.412,0.443,0.347,0.692,8.7,0.036
334,2012,NBA,1,10,NOH,Austin Rivers\riverau01,19.336,G,us,Duke,2013,2020,490,24.5,9.2,2,2.4,0.7,0.2,0.417,0.46,0.347,0.637,9.1,0.036
335,2013,NBA,1,19,CLE,Sergey Karasev\karasse01,19.249,G-F,ru,,2014,2016,95,11.7,3,1.5,0.9,0.3,0,0.395,0.489,0.282,0.842,0.8,0.036
336,2010,NBA,2,43,LAL,Devin Ebanks\ebankde01,20.244,F,us,West Virginia,2011,2013,63,11.3,3.6,1.9,0.4,0.3,0.2,0.385,0.418,0.222,0.722,0.5,0.035
337,2013,NBA,2,36,SAC,Ray McCallum\mccalra01,22.021,G,us,Detroit Mercy,2014,2016,154,18.2,6,2,2.4,0.5,0.2,0.408,0.43,0.335,0.711,2.1,0.035
338,2017,NBA,2,48,MIL,Sindarius Thornwell\thornsi01,22.225,G,us,South Carolina,2018,2019,137,10.7,2.5,1.3,0.6,0.5,0.2,0.415,0.442,0.342,0.689,1,0.034
339,2011,NBA,1,10,MIL,Jimmer Fredette\fredeji01,22.123,G,us,BYU,2012,2019,241,13.3,6,1,1.4,0.4,0,0.409,0.434,0.372,0.879,2.2,0.033
340,2014,NBA,1,5,UTA,Dante Exum\exumda01,18.353,G,au,,2015,2019,204,19.3,5.9,1.8,2.3,0.4,0.2,0.4,0.477,0.304,0.77,2.7,0.033
341,2016,NBA,1,24,PHI,Timothé Luwawu-Cabarrot\luwawti01,21.051,F,fr,,2017,2019,171,15.6,5.7,1.9,0.9,0.4,0.1,0.387,0.457,0.32,0.82,1.8,0.033
342,2011,NBA,1,27,NJN,JaJuan Johnson\johnsja02,22.14,F,us,Purdue,2012,2012,36,8.3,3.2,1.6,0.2,0.1,0.4,0.446,0.446,,0.667,0.2,0.032
343,2013,NBA,1,11,PHI,Michael Carter-Williams\cartemi01,21.266,G,us,Syracuse,2014,2020,319,26.1,10.8,4.5,4.6,1.3,0.6,0.4,0.433,0.253,0.702,5.2,0.03
344,2014,NBA,1,29,OKC,Josh Huestis\huestjo01,22.195,F,us,Stanford,2016,2018,76,14.1,2.5,2.4,0.3,0.2,0.6,0.346,0.4,0.312,0.24,0.7,0.03
345,2014,NBA,2,32,PHI,K.J. McDaniels\mcdankj01,21.142,G-F,us,Clemson,2015,2017,148,14.1,5.3,2.2,0.6,0.5,0.6,0.412,0.479,0.29,0.776,1.3,0.03
346,2017,NBA,2,41,ATL,Tyler Dorsey\dorsety01,21.13,G,us,Oregon,2018,2019,104,16.1,6.7,2.3,1.3,0.3,0.1,0.389,0.429,0.35,0.669,1,0.03
347,2017,NBA,2,59,SAS,Jaron Blossomgame\blossja01,23.285,F,us,Clemson,2019,2019,27,16.3,4.2,3.6,0.5,0.3,0.3,0.443,0.552,0.256,0.769,0.3,0.03
348,2014,NBA,2,44,MIN,Markel Brown\brownma02,22.154,G,us,Oklahoma State,2015,2018,113,15.9,5.2,2.1,1.2,0.6,0.2,0.38,0.427,0.295,0.781,1.1,0.029
349,2016,NBA,1,8,SAC,Marquese Chriss\chrisma01,18.361,F,us,Washington,2017,2020,202,19,7.5,4.5,0.9,0.7,0.8,0.429,0.509,0.296,0.634,2.3,0.029
350,2017,NBA,2,34,SAC,Frank Mason\masonfr01,23.086,G,us,Kansas,2018,2019,90,15.8,6.8,1.9,2.6,0.6,0.2,0.392,0.426,0.3,0.773,0.9,0.029
351,2013,NBA,2,38,WAS,Nate Wolters\woltena01,22.049,G,us,South Dakota State University,2014,2018,84,18.8,5.5,2.2,2.5,0.5,0.2,0.423,0.452,0.261,0.635,0.9,0.028
352,2014,NBA,1,8,SAC,Nik Stauskas\stausni01,20.267,G,ca,Michigan,2015,2019,335,19.9,6.8,2.1,1.5,0.4,0.2,0.389,0.436,0.353,0.814,3.8,0.028
353,2017,NBA,2,40,NOP,Dwayne Bacon\bacondw01,21.302,G,us,Florida State,2018,2020,102,16.1,5.6,2.4,1,0.3,0.1,0.422,0.449,0.355,0.753,1,0.028
354,2016,NBA,2,58,BOS,Abdel Nader\naderab01,22.277,F,eg,Iowa State,2018,2020,113,11.1,3.5,1.7,0.4,0.3,0.2,0.387,0.431,0.335,0.662,0.7,0.027
355,2013,NBA,1,7,SAC,Ben McLemore\mclembe01,20.141,G,us,Kansas,2014,2020,374,23.5,8.7,2.4,1.1,0.7,0.2,0.417,0.467,0.354,0.783,4.7,0.026
356,2014,NBA,1,18,PHO,Tyler Ennis\ennisty01,19.311,G,ca,Syracuse,2015,2018,186,12.6,4.2,1.3,1.9,0.5,0.1,0.419,0.458,0.317,0.768,1.3,0.026
357,2015,NBA,1,8,DET,Stanley Johnson\johnsst04,19.031,F,us,Arizona,2016,2020,287,21.5,6.9,3.4,1.5,0.9,0.2,0.374,0.431,0.293,0.764,3.3,0.026
358,2010,NBA,1,22,POR,Elliot Williams\williel01,21.009,G,us,Memphis,2012,2016,109,13.5,4.9,1.5,0.9,0.4,0.1,0.421,0.489,0.31,0.669,0.7,0.024
359,2012,NBA,2,31,CHA,Jeffery Taylor\tayloje03,23.042,F,se,Vanderbilt,2013,2015,132,19.4,6.1,2,0.8,0.5,0.2,0.409,0.458,0.319,0.665,1.3,0.024
360,2013,NBA,1,29,OKC,Archie Goodwin\goodwar01,18.319,G,us,Kentucky,2014,2017,165,14.5,6.3,2,1.2,0.4,0.2,0.429,0.484,0.236,0.7,1.1,0.022
361,2015,NBA,1,5,ORL,Mario Hezonja\hezonma01,20.125,F-G,hr,,2016,2020,283,19,7.3,3.1,1.3,0.7,0.3,0.416,0.482,0.321,0.81,2.5,0.022
362,2016,NBA,1,18,DET,Henry Ellenson\ellenhe01,19.166,F,us,Marquette,2017,2019,76,9.7,4.3,2.5,0.6,0.2,0,0.377,0.395,0.353,0.774,0.3,0.022
363,2017,NBA,2,45,HOU,Dillon Brooks\brookdi01,21.157,F-G,ca,Oregon,2018,2020,105,26.8,10.4,2.9,1.5,0.8,0.2,0.434,0.47,0.364,0.751,1.3,0.022
364,2012,NBA,1,22,BOS,Fab Melo\melofa01,22.014,C,br,Syracuse,2013,2013,6,6,1.2,0.5,0,0.3,0.3,0.5,0.5,,0.25,0,0.021
365,2012,NBA,2,44,DET,Kim English\engliki01,23.283,G,us,Missouri,2013,2013,41,9.9,2.9,0.9,0.6,0.4,0.1,0.375,0.452,0.28,0.724,0.2,0.021
366,2013,NBA,2,42,PHI,Pierre Jackson\jackspi01,21.308,G,us,Baylor,2017,2017,8,10.5,4.4,1.1,2.4,0.3,0,0.333,0.357,0.273,0.857,0,0.021
367,2014,NBA,1,26,MIA,P.J. Hairston\hairspj02,21.189,G-F,us,UNC,2015,2016,111,18,6,2.4,0.5,0.5,0.2,0.343,0.414,0.295,0.81,0.9,0.021
368,2016,NBA,1,21,ATL,DeAndre' Bembry\bembrde01,21.36,F,us,Saint Joseph's,2017,2020,151,19.1,6.5,3.4,2,0.9,0.4,0.452,0.511,0.279,0.589,1.2,0.021
369,2017,NBA,2,31,CHO,Frank Jackson\jacksfr01,19.054,G,us,Duke,2019,2020,67,19.1,8.4,2.1,1.2,0.4,0,0.437,0.511,0.32,0.75,0.6,0.021
370,2010,NBA,1,30,WAS,Lazar Hayward\haywala01,23.216,F,us,Marquette,2011,2013,72,8.2,2.9,1.3,0.5,0.2,0.1,0.347,0.395,0.269,0.767,0.2,0.02
371,2011,NBA,1,28,CHI,Norris Cole\coleno01,22.258,G,us,Cleveland State University,2012,2017,360,22.3,7,2,2.7,0.8,0.1,0.407,0.436,0.324,0.743,3,0.018
372,2016,NBA,1,5,MIN,Kris Dunn\dunnkr01,22.103,G,us,Providence,2017,2020,183,24,8.4,3.2,4.3,1.4,0.5,0.415,0.442,0.312,0.718,1.7,0.018
373,2016,NBA,2,60,UTA,Tyrone Wallace\wallaty01,22.019,G,us,Cal,2018,2020,94,16.1,5.6,2.3,1.2,0.5,0.2,0.439,0.47,0.23,0.674,0.6,0.018
374,2010,NBA,1,25,MEM,Dominique Jones\jonesdo02,21.257,G,us,University of South Florida,2011,2013,80,9.3,3.1,1.4,1.8,0.4,0.1,0.366,0.393,0.095,0.729,0.3,0.017
375,2011,NBA,2,44,GSW,Charles Jenkins\jenkich01,22.12,G,us,Hofstra,2012,2013,110,12.1,3.7,0.9,1.9,0.4,0.1,0.434,0.449,0.182,0.754,0.5,0.017
376,2012,NBA,1,24,CLE,Jared Cunningham\cunnija01,21.043,G,us,Oregon State,2013,2016,84,7.2,2.3,0.7,0.5,0.3,0,0.347,0.369,0.306,0.674,0.2,0.017
377,2009,NBA,2,58,BOS,Lester Hudson\hudsole01,24.328,G,us,University of Tennessee at Martin,2010,2015,57,10.4,4.7,1.4,1.2,0.6,0.1,0.375,0.441,0.277,0.806,0.2,0.016
378,2015,NBA,2,38,DET,Darrun Hilliard\hillida01,22.078,G,us,Villanova,2016,2018,91,9.4,3.2,0.9,0.8,0.2,0,0.377,0.42,0.304,0.747,0.3,0.016
379,2015,NBA,2,43,IND,Joe Young\youngjo01,23.003,G,us,Oregon,2016,2018,127,8.5,3.4,1,0.9,0.3,0,0.393,0.438,0.296,0.768,0.4,0.016
380,2012,NBA,1,13,PHO,Kendall Marshall\marshke01,20.319,G,us,UNC,2013,2016,160,19.3,5,1.6,4.9,0.7,0.1,0.399,0.422,0.37,0.611,1,0.015
381,2012,NBA,2,48,NYK,Kostas Papanikolaou\papanko01,21.338,F,gr,,2015,2016,69,15.8,3.6,2.3,1.5,0.6,0.3,0.354,0.416,0.297,0.688,0.3,0.015
382,2009,NBA,2,32,WAS,Jermaine Taylor\tayloje02,22.205,G,us,Central Florida,2010,2011,65,12.1,5.4,1.7,0.7,0.4,0.1,0.441,0.484,0.284,0.73,0.2,0.014
383,2011,NBA,2,39,CHA,Jeremy Tyler\tylerje01,20.007,C,us,,2012,2014,104,9.9,3.6,2.6,0.2,0.2,0.4,0.45,0.451,0,0.557,0.3,0.014
384,2010,NBA,1,12,MEM,Xavier Henry\henryxa01,19.106,G,be,Kansas,2011,2015,185,15.7,5.7,1.9,0.6,0.5,0.1,0.406,0.419,0.325,0.635,0.8,0.013
385,2010,NBA,2,56,MIN,Hamady N'Diaye\ndiayha01,23.169,C,sn,Rutgers University,2011,2014,33,4.8,0.6,0.8,0.1,0.1,0.3,0.467,0.467,,0.462,0,0.013
386,2013,NBA,1,1,CLE,Anthony Bennett\bennean01,20.11,F,ca,UNLV,2014,2017,151,12.6,4.4,3.1,0.5,0.4,0.2,0.392,0.427,0.261,0.67,0.5,0.013
387,2009,NBA,1,22,POR,Victor Claver\clavevi01,20.304,F,es,,2013,2015,80,13.4,3.2,2.2,0.7,0.4,0.2,0.398,0.489,0.293,0.585,0.2,0.011
388,2013,NBA,2,46,UTA,Erick Green\greener01,22.055,G,us,Virginia Tech,2015,2016,52,8.7,3.1,0.7,0.8,0.3,0,0.377,0.415,0.288,0.857,0.1,0.011
389,2010,NBA,2,50,DAL,Solomon Alabi\alabiso01,22.1,C,ng,Florida State,2011,2012,26,7,1.5,2.3,0.2,0.2,0.4,0.314,0.314,,0.7,0,0.01
390,2009,NBA,1,24,DAL,Byron Mullens\mulleby01,20.136,C,us,Ohio State,2010,2014,189,18.2,7.4,4.2,0.8,0.4,0.5,0.408,0.438,0.319,0.706,0.6,0.008
391,2016,NBA,2,34,PHO,Tyler Ulis\ulisty01,20.175,G,us,Kentucky,2017,2019,133,20.9,7.5,1.7,4,0.9,0.1,0.403,0.439,0.28,0.808,0.5,0.008
392,2014,NBA,1,28,LAC,C.J. Wilcox\wilcocj01,23.184,G,us,Washington,2015,2017,66,5.7,2,0.5,0.5,0.2,0.1,0.37,0.397,0.333,0.813,0.1,0.007
393,2017,NBA,1,11,CHO,Malik Monk\monkma01,19.143,G,us,Kentucky,2018,2020,142,15.7,7.9,1.5,1.5,0.4,0.2,0.381,0.44,0.335,0.871,0.3,0.007
394,2014,NBA,2,36,MIL,Johnny O'Bryant\obryajo01,21.03,F-C,us,LSU,2015,2018,147,11.5,3.5,2.4,0.5,0.2,0.1,0.402,0.406,0.36,0.663,0.2,0.006
395,2014,NBA,2,48,MIL,Lamar Patterson\pattela01,22.324,G-F,us,Pitt,2016,2017,40,10.9,2.3,1.4,1.1,0.3,0.1,0.326,0.45,0.236,0.72,0.1,0.006
396,2014,NBA,2,55,MIA,Semaj Christon\chrisse01,21.242,G,us,Xavier,2017,2017,64,15.2,2.9,1.4,2,0.4,0.1,0.345,0.406,0.19,0.548,0.1,0.006
397,2012,NBA,2,42,MIL,Doron Lamb\lambdo01,20.24,G,us,Kentucky,2013,2014,100,12.7,3.5,1,0.8,0.2,0,0.381,0.372,0.394,0.7,0.1,0.005
398,2017,NBA,2,49,DEN,Vlatko Čančar\cancavl01,20.078,F,si,,2020,2020,1,2,0,0,0,0,0,,,,,0,0.005
399,2011,NBA,2,37,LAC,Trey Thompkins\thomptr02,21.039,F,us,Georgia,2012,2012,24,5,2.4,1,0.1,0.1,0.1,0.393,0.417,0.308,0.714,0,0.004
400,2011,NBA,2,46,LAL,Andrew Goudelock\goudean01,22.203,G,us,College of Charleston,2012,2016,49,9.7,4,0.7,0.5,0.2,0,0.393,0.429,0.345,0.875,0,0.003
401,2016,NBA,1,4,PHO,Dragan Bender\bendedr01,18.223,F,ba,,2017,2019,171,20.3,5.3,3.8,1.2,0.3,0.6,0.394,0.516,0.321,0.647,0.2,0.002
402,2016,NBA,2,56,DEN,Daniel Hamilton\hamilda02,20.325,G-F,us,UConn,2018,2019,25,9.3,2.8,2.1,1.2,0.3,0,0.394,0.419,0.357,0.5,0,0
403,2012,NBA,2,55,DAL,Darius Johnson-Odom\johnsda03,22.279,G,us,Marquette,2013,2014,7,3,0,0.9,0.3,0.1,0,0,0,0,0,-0.3,-0.597
404,2016,NBA,2,51,BOS,Ben Bentil\bentibe01,21.092,F,gh,Providence,2017,2017,3,3.3,0,0.7,0,0,0,0,0,0,,-0.1,-0.473
405,2010,NBA,2,38,NYK,Andy Rautins\rautian01,23.24,G,us,Syracuse,2011,2011,5,4.8,1.6,0.2,0.6,0.2,0,0.429,0.667,0.25,0.5,-0.2,-0.314
406,2012,NBA,2,47,UTA,Kevin Murphy\murphke01,22.12,G,us,Tennessee Technological University,2013,2013,17,3.1,0.9,0.2,0.1,0.1,0,0.25,0.261,0.2,,-0.3,-0.272
407,2017,NBA,2,55,UTA,Nigel Williams-Goss\willini01,22.285,G,us,Gonzaga,2020,2020,3,2.3,0,0,0.3,0,0,0,,0,,0,-0.249
408,2010,NBA,2,37,MIL,Darington Hobson\hobsoda01,22.274,G,us,New Mexico,2012,2012,5,7.8,0.8,0.6,1.2,0,0,0.154,0.286,0,,-0.2,-0.225
409,2016,NBA,2,40,NOP,Diamond Stone\stonedi01,19.138,C,us,Maryland,2017,2017,7,3.4,1.4,0.9,0,0,0.1,0.231,0.231,,1,-0.1,-0.211
410,2016,NBA,2,49,DET,Michael Gbinije\gbinimi01,24.024,G,us,Syracuse,2017,2017,9,3.6,0.4,0.3,0.2,0,0,0.1,0.167,0,1,-0.1,-0.136
411,2013,NBA,1,30,PHO,Nemanja Nedović\nedovne01,22.017,G,rs,,2014,2014,24,5.9,1.1,0.6,0.5,0,0,0.205,0.238,0.167,0.875,-0.4,-0.132
412,2013,NBA,2,40,POR,Grant Jerrett\jerregr01,19.359,F,us,Arizona,2015,2015,8,6.4,2,1.1,0.4,0.3,0.3,0.269,0.545,0.067,1,-0.1,-0.128
413,2012,NBA,2,51,BOS,Kris Joseph\josepkr01,23.199,F,ca,Syracuse,2013,2013,10,5.4,0.9,0.7,0.1,0.3,0,0.143,0.182,0,0.625,-0.1,-0.127
414,2012,NBA,1,16,HOU,Royce White\whitero03,21.085,F,us,Iowa State,2014,2014,3,3,0,0,0,0,0,0,0,,,0,-0.121
415,2011,NBA,2,49,MEM,Josh Selby\selbyjo01,20.093,G,us,Kansas,2012,2013,38,7.8,2.2,0.5,0.9,0.2,0,0.33,0.384,0.143,0.72,-0.7,-0.113
416,2013,NBA,2,43,MIL,Ricky Ledo\ledori01,20.295,G,us,Providence,2014,2015,28,9.9,3.9,1.4,0.8,0.3,0,0.336,0.321,0.371,0.769,-0.6,-0.096
417,2011,NBA,2,32,CLE,Justin Harper\harpeju01,21.302,F,us,University of Richmond,2012,2017,22,6.8,2,0.8,0.2,0.1,0.1,0.34,0.417,0.276,0.333,-0.3,-0.093
418,2016,NBA,2,43,HOU,Zhou Qi\qizh01,20.164,F-C,cn,,2018,2019,19,6.6,1.3,1.2,0.1,0.1,0.7,0.212,0.357,0.105,0.667,-0.2,-0.093
419,2010,NBA,1,21,OKC,Craig Brackins\brackcr01,22.264,F,us,Iowa State,2011,2012,17,7.1,1.8,1.1,0.5,0.1,0.1,0.265,0.286,0.214,0.5,-0.2,-0.089
420,2012,NBA,2,41,POR,Tyshawn Taylor\tayloty01,22.083,G,us,Kansas,2013,2014,61,8,2.9,0.5,0.9,0.4,0,0.354,0.353,0.36,0.684,-0.9,-0.088
421,2014,NBA,2,47,PHI,Russ Smith\smithru01,23.074,G,us,Louisville,2015,2016,27,4.9,2,0.6,0.7,0.3,0,0.319,0.387,0.188,0.769,-0.2,-0.068
422,2013,NBA,2,35,PHI,Glen Rice\ricegl02,22.183,G,us,Georgia Tech,2014,2015,16,9.5,2.7,1.5,0.6,0.4,0.1,0.269,0.286,0.25,0.692,-0.2,-0.065
423,2013,NBA,2,49,CHI,Erik Murphy\murpher01,22.25,F,fr,Florida,2014,2014,24,2.6,0.3,0.3,0.1,0,0.2,0.231,0.3,0,,-0.1,-0.055
424,2011,NBA,2,35,SAC,Tyler Honeycutt\honeyty01,20.348,F,us,UCLA,2012,2013,24,5,1.2,1,0.4,0.2,0.2,0.314,0.333,0.2,0.714,-0.1,-0.049
425,2010,NBA,2,53,ATL,Pape Sy\sypa01,22.085,F,fr,,2011,2011,3,7,2.3,1,0.7,0.3,0,0.333,0.4,0,1,0,-0.047
426,2011,NBA,1,21,POR,Nolan Smith\smithno01,22.338,G,us,Duke,2012,2013,84,9.9,3.3,1,1.2,0.3,0,0.371,0.407,0.26,0.714,-0.8,-0.047
427,2012,NBA,1,29,CHI,Marquis Teague\teaguma01,19.125,G,us,Kentucky,2013,2018,91,10,2.4,1,1.5,0.3,0.1,0.343,0.369,0.222,0.661,-0.9,-0.045
428,2010,NBA,2,31,NJN,Tibor Pleiß\pleisti01,20.239,C,de,,2016,2016,12,6.8,2,1.3,0.2,0.1,0.2,0.44,0.478,0,1,-0.1,-0.041
429,2016,NBA,2,54,ATL,Kay Felder\feldeka01,21.092,G,us,Oakland,2017,2018,58,9.1,3.8,1,1.3,0.4,0.1,0.364,0.385,0.268,0.754,-0.4,-0.041
430,2009,NBA,2,48,PHO,Taylor Griffin\griffta01,23.074,F,us,Oklahoma,2010,2010,8,4,1.3,0.3,0.1,0,0.3,0.4,0.5,0,0.5,0,-0.039
431,2014,NBA,2,34,NYK,Cleanthony Early\earlycl01,23.076,F,us,Wichita State,2015,2016,56,14.3,4.3,2.2,0.8,0.5,0.3,0.346,0.4,0.263,0.75,-0.6,-0.039
432,2017,NBA,2,32,PHO,Davon Reed\reedda01,22.017,G,us,Miami (FL),2018,2019,31,9.3,2.4,1.5,0.5,0.4,0.1,0.307,0.304,0.31,0.667,-0.2,-0.039
433,2017,NBA,1,26,POR,Caleb Swanigan\swanica01,20.07,F,us,Purdue,2018,2020,52,7.3,2.1,2.3,0.5,0.2,0.1,0.374,0.41,0.133,0.655,-0.3,-0.034
434,2017,NBA,1,8,NYK,Frank Ntilikina\ntilila01,18.334,G,be,,2018,2020,127,21.4,5.7,2.2,3,0.8,0.3,0.352,0.38,0.302,0.735,-1.9,-0.033
435,2012,NBA,2,54,PHI,Tornike Shengelia\shengto01,20.272,F,ge,,2013,2014,45,5.5,1.3,0.9,0.4,0.1,0,0.451,0.512,0.125,0.5,-0.2,-0.032
436,2013,NBA,2,56,DET,Peyton Siva\sivape01,22.252,G,us,Louisville,2014,2014,24,9.3,2.3,0.6,1.4,0.4,0,0.316,0.344,0.28,0.733,-0.2,-0.032
437,2017,NBA,1,4,PHO,Josh Jackson\jacksjo02,20.137,F-G,us,Kansas,2018,2019,156,25.3,12.3,4.5,1.9,1,0.6,0.415,0.455,0.294,0.65,-2.4,-0.029
438,2014,NBA,2,56,DEN,Devyn Marble\marblde01,21.283,G-F,us,Iowa,2015,2016,44,10.4,2.2,1.6,0.7,0.5,0.1,0.304,0.377,0.222,0.375,-0.3,-0.028
439,2016,NBA,1,17,MEM,Wade Baldwin\baldwwa01,20.091,G,us,Vanderbilt,2017,2019,56,10.3,3.1,1.2,1.4,0.4,0.2,0.355,0.383,0.25,0.776,-0.3,-0.028
440,2016,NBA,2,42,UTA,Isaiah Whitehead\whiteis01,21.113,G,us,Seton Hall,2017,2018,89,20.5,7.2,2.4,2.4,0.6,0.4,0.411,0.452,0.305,0.788,-0.9,-0.025
441,2014,NBA,2,31,MIL,Damien Inglis\inglida01,19.042,F,gf,,2016,2016,20,7.8,1.8,1.6,0.5,0.3,0.2,0.351,0.417,0.231,0.875,-0.1,-0.024
442,2017,NBA,2,39,PHI,Jawun Evans\evansja01,20.336,G,us,Oklahoma State,2018,2019,56,15.1,4.2,1.7,2,0.7,0.1,0.345,0.367,0.263,0.776,-0.4,-0.022
443,2012,NBA,1,25,MEM,Tony Wroten\wroteto01,19.081,G,us,Washington,2013,2016,145,21.2,11.1,2.5,3,0.9,0.2,0.413,0.477,0.231,0.647,-1.3,-0.021
444,2014,NBA,2,49,CHI,Cameron Bairstow\bairsca01,23.207,F-C,au,New Mexico,2015,2016,36,4.6,1.2,1,0.2,0.1,0.1,0.296,0.306,0.2,0.846,-0.1,-0.021
445,2009,NBA,1,30,CLE,Christian Eyenga\eyengch01,20.008,F,cd,,2011,2012,51,20.6,6.3,2.7,0.8,0.7,0.6,0.411,0.464,0.277,0.611,-0.4,-0.02
446,2014,NBA,2,42,HOU,Nick Johnson\johnsni01,21.191,G,us,Arizona,2015,2015,28,9.4,2.6,1.4,0.4,0.3,0.1,0.347,0.389,0.238,0.68,-0.1,-0.02
447,2014,NBA,1,15,ATL,Adreian Payne\paynead01,23.133,F-C,us,Michigan State,2015,2018,107,13.1,4,2.9,0.6,0.4,0.3,0.406,0.43,0.254,0.68,-0.6,-0.019
448,2015,NBA,1,17,MIL,Rashad Vaughn\vaughra01,18.317,G,us,UNLV,2016,2018,139,12,3,1.1,0.5,0.4,0.2,0.337,0.366,0.313,0.692,-0.6,-0.017
449,2017,NBA,1,16,CHI,Justin Patton\pattoju01,20.013,C,us,Creighton,2018,2020,5,6.2,1.4,1.6,0.6,0.6,0,0.273,0.375,0,0.5,0,-0.017
450,2015,NBA,2,34,LAL,Anthony Brown\brownan02,22.263,F-G,us,Stanford,2016,2018,41,18.6,3.9,2.5,0.7,0.5,0.1,0.328,0.38,0.286,0.85,-0.2,-0.016
451,2009,NBA,1,6,MIN,Jonny Flynn\flynnjo01,20.144,G,us,Syracuse,2010,2012,163,22.9,9.2,1.9,3.9,0.7,0,0.4,0.42,0.338,0.809,-1.1,-0.015
452,2010,NBA,2,34,POR,Armon Johnson\johnsar02,21.126,G,us,Nevada,2011,2012,47,8.5,3.3,1,1.2,0.2,0,0.458,0.465,0.4,0.679,-0.1,-0.015
453,2017,NBA,1,9,DAL,Dennis Smith\smithde03,19.214,G,us,NC State,2018,2020,125,28.7,14.2,3.3,4.9,1.1,0.3,0.405,0.449,0.315,0.667,-0.9,-0.012
454,2011,NBA,2,41,LAL,Darius Morris\morrida01,20.176,G,us,Michigan,2012,2015,132,11.1,3.3,1,1.4,0.3,0,0.384,0.416,0.322,0.63,-0.3,-0.01
455,2010,NBA,2,46,PHO,Gani Lawal\lawalga01,21.234,F,us,Georgia Tech,2011,2011,1,2,0,0,0,0,0,,,,,0,-0.009
456,2016,NBA,1,22,CHO,Malachi Richardson\richama01,20.175,G,us,Syracuse,2017,2019,70,8.9,2.8,1,0.3,0.2,0,0.358,0.415,0.301,0.783,-0.1,-0.009
457,2009,NBA,2,35,DET,DaJuan Summers\summeda01,21.158,F,us,Georgetown,2010,2013,83,9.9,3.3,1,0.3,0.2,0.1,0.384,0.392,0.367,0.642,-0.1,-0.008
458,2015,NBA,1,7,DEN,Emmanuel Mudiay\mudiaem01,19.116,G,cd,,2016,2020,252,25.5,11.7,3.1,4.1,0.8,0.3,0.395,0.425,0.318,0.742,-1.1,-0.008
459,2013,NBA,2,52,MIN,Lorenzo Brown\brownlo01,22.311,G,us,NC State,2014,2019,103,11.5,2.8,1.5,1.8,0.6,0.1,0.364,0.453,0.17,0.707,-0.2,-0.007
460,2013,NBA,2,41,MEM,Jamaal Franklin\frankja01,21.347,G,us,San Diego State,2014,2015,24,7.3,1.8,1,0.4,0.2,0.1,0.415,0.393,0.462,1,0,-0.006
461,2016,NBA,2,55,BRK,Marcus Paige\paigema01,22.291,G,us,UNC,2018,2018,5,5.6,2.4,0.8,0.6,0,0,0.286,0.333,0.25,1,0,-0.006
462,2011,NBA,2,48,ATL,Keith Benson\bensoke02,22.319,C,us,Oakland,2012,2012,3,3,0,1,0,0,0,0,0,,,0,-0.005
463,2016,NBA,2,41,ORL,Stephen Zimmerman\zimmest01,19.292,C,us,UNLV,2017,2017,19,5.7,1.2,1.8,0.2,0.1,0.3,0.323,0.323,,0.6,0,-0.005
464,2009,NBA,1,11,NJN,Terrence Williams\willite01,22.003,F,us,Louisville,2010,2013,153,19.1,7.1,3.6,2.4,0.5,0.1,0.412,0.432,0.317,0.659,-0.2,-0.004
465,2012,NBA,2,38,DEN,Quincy Miller\millequ01,19.227,F,us,Baylor,2013,2015,69,13.5,4.3,2.4,0.5,0.4,0.5,0.35,0.383,0.292,0.706,-0.1,-0.003
466,2010,NBA,1,24,ATL,Damion James\jamesda01,22.266,G-F,us,Texas,2011,2014,39,16,3.8,3.4,0.7,0.6,0.5,0.415,0.433,0,0.667,0,-0.001
467,2016,NBA,2,46,DAL,A.J. Hammons\hammoaj01,23.306,C,us,Purdue,2017,2017,22,7.4,2.2,1.6,0.2,0,0.6,0.405,0.375,0.5,0.45,0,-0.001
468,2016,NBA,2,48,CHI,Paul Zipser\zipsepa01,22.131,G-F,de,,2017,2018,98,17,4.7,2.6,0.8,0.4,0.3,0.371,0.402,0.335,0.769,0,-0.001
469,2009,NBA,2,34,DEN,Sergio Llull\llullse01,21.228,G,es,,,,,,,,,,,,,,,,
470,2009,NBA,2,47,MIN,Henk Norel\norelhe01,21.287,F-C,nl,,,,,,,,,,,,,,,,
471,2009,NBA,2,49,ATL,Sergiy Gladyr\gladyse01,19.256,G,ua,,,,,,,,,,,,,,,,
472,2009,NBA,2,50,UTA,Goran Suton,,,,Michigan State,,,,,,,,,,,,,,,
473,2009,NBA,2,51,SAS,Jack McClinton,,,,Miami (FL),,,,,,,,,,,,,,,
474,2009,NBA,2,54,CHA,Robert Vaden,,,,University of Alabama at Birmingham,,,,,,,,,,,,,,,
475,2009,NBA,2,56,DAL,Ahmad Nivins,,,,Saint Joseph's,,,,,,,,,,,,,,,
476,2009,NBA,2,57,PHO,Emir Preldžić\preldem01,21.298,F-G,ba,,,,,,,,,,,,,,,,
477,2009,NBA,2,59,LAL,Chinemelu Elonu\elonuch01,22.112,C-F,ng,Texas A&M,,,,,,,,,,,,,,,
478,2009,NBA,2,60,MIA,Robert Dozier,,,,Memphis,,,,,,,,,,,,,,,
479,2010,NBA,2,36,DET,Terrico White,,,,University of Mississippi,,,,,,,,,,,,,,,
480,2010,NBA,2,42,MIA,Da'Sean Butler,,,,West Virginia,,,,,,,,,,,,,,,
481,2010,NBA,2,45,MIN,Paulo Prestes\prestpa01,22.135,C,br,,,,,,,,,,,,,,,,
482,2010,NBA,2,47,MIL,Tiny Gallon,,,,Oklahoma,,,,,,,,,,,,,,,
483,2010,NBA,2,48,MIA,Latavious Williams\willila01,21.092,F,us,,,,,,,,,,,,,,,,
484,2010,NBA,2,49,SAS,Ryan Richards\richary01,19.066,F-C,gb,,,,,,,,,,,,,,,,
485,2010,NBA,2,51,OKC,Magnum Rolle,,,,Louisiana Tech,,,,,,,,,,,,,,,
486,2010,NBA,2,59,ORL,Stanley Robinson,,,,UConn,,,,,,,,,,,,,,,
487,2010,NBA,2,60,PHO,Dwayne Collins\collidw01,22.077,F,us,Miami (FL),,,,,,,,,,,,,,,
488,2011,NBA,2,51,POR,Jon Diebler\diebljo01,23.006,G,us,Ohio State,,,,,,,,,,,,,,,
489,2011,NBA,2,54,CLE,Milan Mačvan\macvami01,21.224,F-C,hr,,,,,,,,,,,,,,,,
490,2011,NBA,2,56,LAL,Chukwudiebere Maduabum\maduach01,20.101,F,ng,,,,,,,,,,,,,,,,
491,2011,NBA,2,57,DAL,Targuy Ngombo,,,,,,,,,,,,,,,,,,,
492,2011,NBA,2,58,LAL,Ater Majok\majokat01,23.36,F-C,sd,,,,,,,,,,,,,,,,
493,2011,NBA,2,59,SAS,Ádám Hanga\hangaad01,22.077,G,hu,,,,,,,,,,,,,,,,
494,2012,NBA,2,50,DEN,İzzet Türkyılmaz\turkyiz01,22.045,C-F,tr,,,,,,,,,,,,,,,,
495,2012,NBA,2,56,TOR,Tomislav Zubčić\zubcito01,22.178,F,hr,,,,,,,,,,,,,,,,
496,2012,NBA,2,57,NJN,İlkan Karaman\karamil01,22.052,F,tr,,,,,,,,,,,,,,,,
497,2012,NBA,2,59,SAS,Marcus Denmon\denmoma01,22.106,G,us,Missouri,,,,,,,,,,,,,,,
498,2013,NBA,1,28,SAS,Livio Jean-Charles\jeancli01,19.236,F,gf,,,,,,,,,,,,,,,,
499,2013,NBA,2,45,POR,Marko Todorović\todorma01,21.074,F,me,,,,,,,,,,,,,,,,
500,2013,NBA,2,51,ORL,Romero Osby,,,,Oklahoma,,,,,,,,,,,,,,,
501,2013,NBA,2,53,IND,Colton Iverson\iversco01,24.004,C,us,Colorado State,,,,,,,,,,,,,,,
502,2013,NBA,2,54,WAS,Arsalan Kazemi\kazemar01,23.072,F,ir,Oregon,,,,,,,,,,,,,,,
503,2013,NBA,2,57,PHO,Alex Oriakhi\oriakal01,23.012,F,us,Missouri,,,,,,,,,,,,,,,
504,2013,NBA,2,58,SAS,Deshaun Thomas\thomade01,21.308,F,us,Ohio State,,,,,,,,,,,,,,,
505,2013,NBA,2,59,MIN,Bojan Dubljević\dubljbo01,21.252,F-C,me,,,,,,,,,,,,,,,,
506,2013,NBA,2,60,MEM,Jānis Timma\timmaja01,21,F,lv,,,,,,,,,,,,,,,,
507,2014,NBA,2,37,TOR,DeAndre Daniels\daniede01,22.077,F,us,UConn,,,,,,,,,,,,,,,
508,2014,NBA,2,50,PHO,Alec Brown\brownal01,21.343,F-C,us,Green Bay,,,,,,,,,,,,,,,
509,2014,NBA,2,52,PHI,Vasilije Micić\micicva01,20.169,G,rs,,,,,,,,,,,,,,,,
510,2014,NBA,2,53,MIN,Alessandro Gentile\gential01,21.231,F,it,,,,,,,,,,,,,,,,
511,2014,NBA,2,54,PHI,Nemanja Dangubić\dangune01,21.079,G,rs,,,,,,,,,,,,,,,,
512,2014,NBA,2,57,IND,Louis Labeyrie\labeylo01,22.141,F,fr,,,,,,,,,,,,,,,,
513,2014,NBA,2,59,TOR,Xavier Thames\thamexa01,23.164,G,us,San Diego State,,,,,,,,,,,,,,,
514,2015,NBA,1,26,SAS,Nikola Milutinov\milutni01,20.182,C,rs,,,,,,,,,,,,,,,,
515,2015,NBA,2,39,CHO,Juan Pablo Vaulet\vauleju01,19.099,F,ar,,,,,,,,,,,,,,,,
516,2015,NBA,2,42,UTA,Olivier Hanlan\hanlaol01,22.135,G,ca,Boston College,,,,,,,,,,,,,,,
517,2015,NBA,2,45,BOS,Marcus Thornton\thornma02,22.141,G,us,College of William & Mary,,,,,,,,,,,,,,,
518,2015,NBA,2,47,PHI,Artūras Gudaitis\gudaiar01,22.011,C,lt,,,,,,,,,,,,,,,,
519,2015,NBA,2,49,WAS,Aaron White\whiteaa01,22.293,F,us,Iowa,,,,,,,,,,,,,,,
520,2015,NBA,2,50,ATL,Marcus Eriksson\eriksma01,21.207,G,se,,,,,,,,,,,,,,,,
521,2015,NBA,2,51,ORL,Tyler Harvey\harvety01,21.348,G,us,Eastern Washington University,,,,,,,,,,,,,,,
522,2015,NBA,2,52,DAL,Satnam Singh Bhamara\singhsa01,19.202,C,in,,,,,,,,,,,,,,,,
523,2015,NBA,2,53,CLE,Sir'Dominic Pointer\pointsi01,23.055,G-F,us,St. John's,,,,,,,,,,,,,,,
524,2015,NBA,2,54,UTA,Dani Díez de la Faya\diezda01,22.084,F,es,,,,,,,,,,,,,,,,
525,2015,NBA,2,55,SAS,Cady Lalanne\lalanca01,23.069,C,ht,UMass,,,,,,,,,,,,,,,
526,2015,NBA,2,57,DEN,Nikola Radičević\radicni01,21.066,G,rs,,,,,,,,,,,,,,,,
527,2015,NBA,2,58,PHI,J.P. Tokoto\tokotjp01,21.288,G-F,us,UNC,,,,,,,,,,,,,,,
528,2015,NBA,2,59,ATL,Dimitrios Agravanis\agravdi01,20.192,F-C,gr,,,,,,,,,,,,,,,,
529,2015,NBA,2,60,PHI,Luka Mitrović\mitrolu01,22.101,F,rs,,,,,,,,,,,,,,,,
530,2016,NBA,2,35,BOS,Rade Zagorac\zagorra01,20.321,G-F,rs,,,,,,,,,,,,,,,,
531,2016,NBA,2,39,NOP,David Michineau\michida01,22.023,G,gp,,,,,,,,,,,,,,,,
532,2016,NBA,2,44,ATL,Isaïa Cordinier\cordiis01,19.212,G,fr,,,,,,,,,,,,,,,,
533,2016,NBA,2,53,DEN,Petr Cornelie\cornepe01,20.338,F,fr,,,,,,,,,,,,,,,,
534,2016,NBA,2,57,MEM,Wang Zhelin\sheliwa01,22.16,C,cn,,,,,,,,,,,,,,,,
535,2016,NBA,2,59,SAC,Isaiah Cousins\cousiis01,22.108,G,us,Oklahoma,,,,,,,,,,,,,,,
536,2017,NBA,1,25,ORL,Anžejs Pasečņiks\pasecan01,21.19,C,lv,,,,,,,,,,,,,,,,
537,2017,NBA,2,50,PHI,Mathias Lessort\lessoma01,21.272,F,mq,,,,,,,,,,,,,,,,
538,2017,NBA,2,57,BRK,Aleksandar Vezenkov\vezenal01,21.326,F,cy,,,,,,,,,,,,,,,,
539,2017,NBA,2,58,NYK,Ognjen Jaramaz\jaramog01,21.3,G,yu,,,,,,,,,,,,,,,,
540,2017,NBA,2,60,ATL,Alpha Kaba\kabaal01,21.15,F,fr,,,,,,,,,,,,,,,,
